tau,eps_steg,eps_alias,err_cat,err_paraphrase,err_polarity,err_resample,err_shuffle,err_translate,err_unrelated,err_unrelated_token,err_vocab
0.0,1.0,0.0,0.0,1.0,0.0,0.0,1.0,1.0,0.0,0.0,0.0
0.006932342261598821,0.8541666666666666,0.0908379013312451,0.0,0.81640625,0.453125,0.0,0.8203125,0.92578125,0.0,0.0,0.0
0.013864684523197642,0.4921875,0.1620986687548943,0.0,0.38671875,0.80859375,0.001953125,0.63671875,0.453125,0.0,0.0,0.0
0.020797026784796464,0.2799479166666667,0.18715740015661708,0.0,0.17578125,0.93359375,0.005859375,0.46875,0.1953125,0.0,0.0,0.0
0.027729369046395284,0.17578125,0.19498825371965545,0.0,0.0859375,0.97265625,0.048828125,0.35546875,0.0859375,0.0,0.0,0.0
0.03466171130799411,0.12369791666666667,0.1981205951448708,0.0,0.06640625,0.984375,0.15625,0.26171875,0.04296875,0.0,0.0,0.00390625
0.04159405356959293,0.1015625,0.19968676585747847,0.0,0.0546875,0.984375,0.236328125,0.20703125,0.04296875,0.0,0.0,0.01171875
0.04852639583119175,0.08072916666666667,0.20516836335160532,0.0,0.0390625,0.9921875,0.361328125,0.16796875,0.03515625,0.0,0.0,0.03125
0.05545873809279057,0.06770833333333333,0.20751761942051683,0.0,0.02734375,0.99609375,0.4765625,0.14453125,0.03125,0.0,0.0,0.0390625
0.06239108035438939,0.049479166666666664,0.21221613155833985,0.0,0.015625,0.99609375,0.5859375,0.11328125,0.01953125,0.0,0.0,0.0625
0.06932342261598821,0.040364583333333336,0.21769772905246673,0.01171875,0.01171875,0.99609375,0.671875,0.09375,0.015625,0.0,0.0,0.078125
0.07625576487758703,0.03515625,0.22161315583398591,0.015625,0.01171875,0.99609375,0.734375,0.078125,0.015625,0.0,0.0,0.09375
0.08318810713918585,0.029947916666666668,0.22866092404072044,0.015625,0.0078125,0.99609375,0.802734375,0.06640625,0.015625,0.0,0.0,0.12890625
0.09012044940078467,0.0234375,0.23101018010963195,0.015625,0.0078125,0.99609375,0.83203125,0.05859375,0.00390625,0.0,0.0,0.140625
0.0970527916623835,0.01953125,0.2364917776037588,0.015625,0.00390625,0.99609375,0.869140625,0.05078125,0.00390625,0.0,0.0,0.16796875
0.10398513392398231,0.015625,0.245105716523101,0.015625,0.00390625,0.99609375,0.892578125,0.0390625,0.00390625,0.0,0.0,0.2109375
0.11091747618558113,0.013020833333333334,0.2505873140172279,0.015625,0.00390625,0.99609375,0.912109375,0.03125,0.00390625,0.0,0.0,0.23828125
0.11784981844717995,0.010416666666666666,0.2552858261550509,0.015625,0.00390625,0.99609375,0.92578125,0.0234375,0.00390625,0.0,0.0,0.26171875
0.12478216070877877,0.009114583333333334,0.26076742364917777,0.015625,0.00390625,0.99609375,0.943359375,0.0234375,0.0,0.0,0.0,0.2890625
0.1317145029703776,0.005208333333333333,0.26468285043069695,0.01953125,0.00390625,0.99609375,0.947265625,0.01171875,0.0,0.0,0.0,0.3046875
0.13864684523197643,0.005208333333333333,0.27329678935003915,0.01953125,0.00390625,0.99609375,0.95703125,0.01171875,0.0,0.0,0.0,0.34765625
0.14557918749357524,0.00390625,0.274079874706343,0.01953125,0.0,0.99609375,0.962890625,0.01171875,0.0,0.0,0.0,0.3515625
0.15251152975517407,0.00390625,0.2803445575567737,0.01953125,0.0,0.99609375,0.970703125,0.01171875,0.0,0.0,0.0,0.3828125
0.15944387201677288,0.0026041666666666665,0.28582615505090053,0.01953125,0.0,0.99609375,0.970703125,0.0078125,0.0,0.0,0.0,0.41015625
0.1663762142783717,0.0026041666666666665,0.2913077525450274,0.0234375,0.0,0.99609375,0.974609375,0.0078125,0.0,0.0,0.0,0.43359375
0.17330855653997052,0.0013020833333333333,0.29678935003915424,0.02734375,0.0,0.99609375,0.978515625,0.00390625,0.0,0.0,0.0,0.45703125
0.18024089880156935,0.0013020833333333333,0.303054032889585,0.02734375,0.0,0.99609375,0.982421875,0.00390625,0.0,0.0,0.0,0.48828125
0.18717324106316816,0.0013020833333333333,0.307752545027408,0.02734375,0.0,0.99609375,0.98828125,0.00390625,0.0,0.0,0.0,0.51171875
0.194105583324767,0.0013020833333333333,0.3163664839467502,0.02734375,0.0,0.99609375,0.990234375,0.00390625,0.0,0.0,0.0,0.5546875
0.2010379255863658,0.0013020833333333333,0.3202819107282694,0.02734375,0.0,0.99609375,0.990234375,0.00390625,0.0,0.0,0.0,0.57421875
0.20797026784796463,0.0013020833333333333,0.32106499608457323,0.02734375,0.0,0.99609375,0.994140625,0.00390625,0.0,0.0,0.0,0.578125
0.21490261010956344,0.0013020833333333333,0.32341425215348474,0.02734375,0.0,0.99609375,0.994140625,0.00390625,0.0,0.0,0.0,0.58984375
0.22183495237116227,0.0013020833333333333,0.3273296789350039,0.02734375,0.0,0.99609375,0.994140625,0.00390625,0.0,0.0,0.0,0.609375
0.2287672946327611,0.0013020833333333333,0.33046202036021927,0.02734375,0.0,0.99609375,0.99609375,0.00390625,0.0,0.0,0.0,0.625
0.2356996368943599,0.0013020833333333333,0.3328112764291308,0.02734375,0.0,0.99609375,0.99609375,0.00390625,0.0,0.0,0.0,0.63671875
0.24263197915595874,0.0,0.33437744714173845,0.02734375,0.0,0.99609375,0.99609375,0.0,0.0,0.0,0.0,0.64453125
0.24956432141755755,0.0,0.33829287392325763,0.03515625,0.0,0.99609375,0.99609375,0.0,0.0,0.0,0.0,0.65625
0.25649666367915636,0.0,0.34064212999216914,0.03515625,0.0,0.99609375,0.99609375,0.0,0.0,0.0,0.0,0.66796875
0.2634290059407552,0.0,0.3437744714173845,0.03515625,0.0,1.0,0.998046875,0.0,0.0,0.0,0.0,0.6796875
0.270361348202354,0.0,0.346123727486296,0.03515625,0.0,1.0,0.998046875,0.0,0.0,0.0,0.0,0.69140625
0.27729369046395286,0.0,0.34768989819890367,0.03515625,0.0,1.0,1.0,0.0,0.0,0.0,0.0,0.69921875
0.28422603272555164,0.0,0.350822239624119,0.03515625,0.0,1.0,1.0,0.0,0.0,0.0,0.0,0.71484375
0.29115837498715047,0.0,0.35395458104933436,0.03515625,0.0,1.0,1.0,0.0,0.0,0.0,0.0,0.73046875
0.2980907172487493,0.0,0.3594361785434612,0.046875,0.0,1.0,1.0,0.0,0.0,0.0,0.0,0.74609375
0.30502305951034814,0.0,0.3617854346123727,0.0546875,0.0,1.0,1.0,0.0,0.0,0.0,0.0,0.75
0.3119554017719469,0.0,0.36256851996867656,0.0546875,0.0,1.0,1.0,0.0,0.0,0.0,0.0,0.75390625
0.31888774403354575,0.0,0.36491777603758807,0.0546875,0.0,1.0,1.0,0.0,0.0,0.0,0.0,0.765625
0.3258200862951446,0.0,0.3657008613938919,0.0546875,0.0,1.0,1.0,0.0,0.0,0.0,0.0,0.76953125
0.3327524285567434,0.0,0.36805011746280347,0.0546875,0.0,1.0,1.0,0.0,0.0,0.0,0.0,0.78125
0.33968477081834225,0.0,0.3711824588880188,0.05859375,0.0,1.0,1.0,0.0,0.0,0.0,0.0,0.79296875
0.34661711307994103,0.0,0.3727486296006265,0.0625,0.0,1.0,1.0,0.0,0.0,0.0,0.0,0.796875
0.35354945534153986,0.0,0.3766640563821457,0.0703125,0.0,1.0,1.0,0.0,0.0,0.0,0.0,0.80859375
0.3604817976031387,0.0,0.38057948316366486,0.08203125,0.0,1.0,1.0,0.0,0.0,0.0,0.0,0.81640625
0.36741413986473753,0.0,0.3813625685199687,0.08203125,0.0,1.0,1.0,0.0,0.0,0.0,0.0,0.8203125
0.3743464821263363,0.0,0.38292873923257637,0.08984375,0.0,1.0,1.0,0.0,0.0,0.0,0.0,0.8203125
0.38127882438793514,0.0,0.38449490994518404,0.09375,0.0,1.0,1.0,0.0,0.0,0.0,0.0,0.82421875
0.388211166649534,0.0,0.38684416601409555,0.1015625,0.0,1.0,1.0,0.0,0.0,0.0,0.0,0.828125
0.3951435089111328,0.0,0.3876272513703994,0.10546875,0.0,1.0,1.0,0.0,0.0,0.0,0.0,0.828125
0.4020758511727316,0.0,0.3899765074393109,0.109375,0.0,1.0,1.0,0.0,0.0,0.0,0.0,0.8359375
0.4090081934343304,0.0,0.3923257635082224,0.11328125,0.0,1.0,1.0,0.0,0.0,0.0,0.0,0.84375
0.41594053569592926,0.0,0.39545810493343775,0.12109375,0.0,1.0,1.0,0.0,0.0,0.0,0.0,0.8515625
0.4228728779575281,0.0,0.39780736100234926,0.125,0.0,1.0,1.0,0.0,0.0,0.0,0.0,0.859375
0.42980522021912687,0.0,0.3985904463586531,0.12890625,0.0,1.0,1.0,0.0,0.0,0.0,0.0,0.859375
0.4367375624807257,0.0,0.40015661707126077,0.1328125,0.0,1.0,1.0,0.0,0.0,0.0,0.0,0.86328125
0.44366990474232454,0.0,0.4025058731401723,0.140625,0.0,1.0,1.0,0.0,0.0,0.0,0.0,0.8671875
0.4506022470039234,0.0,0.4025058731401723,0.140625,0.0,1.0,1.0,0.0,0.0,0.0,0.0,0.8671875
0.4575345892655222,0.0,0.4025058731401723,0.140625,0.0,1.0,1.0,0.0,0.0,0.0,0.0,0.8671875
0.464466931527121,0.0,0.4056382145653876,0.15625,0.0,1.0,1.0,0.0,0.0,0.0,0.0,0.8671875
0.4713992737887198,0.0,0.40642129992169146,0.16015625,0.0,1.0,1.0,0.0,0.0,0.0,0.0,0.8671875
0.47833161605031865,0.0,0.40877055599060297,0.16796875,0.0,1.0,1.0,0.0,0.0,0.0,0.0,0.87109375
0.4852639583119175,0.0,0.4095536413469068,0.171875,0.0,1.0,1.0,0.0,0.0,0.0,0.0,0.87109375
0.49219630057351627,0.0,0.4095536413469068,0.171875,0.0,1.0,1.0,0.0,0.0,0.0,0.0,0.87109375
0.4991286428351151,0.0,0.41033672670321064,0.171875,0.0,1.0,1.0,0.0,0.0,0.0,0.0,0.875
0.5060609850967139,0.0,0.4119028974158183,0.17578125,0.0,1.0,1.0,0.0,0.0,0.0,0.0,0.87890625
0.5129933273583127,0.0,0.413469068128426,0.18359375,0.0,1.0,1.0,0.0,0.0,0.0,0.0,0.87890625
0.5199256696199116,0.0,0.4142521534847298,0.1875,0.0,1.0,1.0,0.0,0.0,0.0,0.0,0.87890625
0.5268580118815104,0.0,0.4158183241973375,0.1953125,0.0,1.0,1.0,0.0,0.0,0.0,0.0,0.87890625
0.5337903541431092,0.0,0.41660140955364133,0.19921875,0.0,1.0,1.0,0.0,0.0,0.0,0.0,0.87890625
0.540722696404708,0.0,0.4205168363351605,0.2109375,0.0,1.0,1.0,0.0,0.0,0.0,0.0,0.88671875
0.5476550386663068,0.0,0.42129992169146435,0.21484375,0.0,1.0,1.0,0.0,0.0,0.0,0.0,0.88671875
0.5545873809279057,0.0,0.42599843382928737,0.234375,0.0,1.0,1.0,0.0,0.0,0.0,0.0,0.890625
0.5615197231895045,0.0,0.4267815191855912,0.23828125,0.0,1.0,1.0,0.0,0.0,0.0,0.0,0.890625
0.5684520654511033,0.0,0.42756460454189504,0.2421875,0.0,1.0,1.0,0.0,0.0,0.0,0.0,0.890625
0.5753844077127022,0.0,0.42991386061080655,0.24609375,0.0,1.0,1.0,0.0,0.0,0.0,0.0,0.8984375
0.5823167499743009,0.0,0.43226311667971806,0.25390625,0.0,1.0,1.0,0.0,0.0,0.0,0.0,0.90234375
0.5892490922358998,0.0,0.4346123727486296,0.26171875,0.0,1.0,1.0,0.0,0.0,0.0,0.0,0.90625
0.5961814344974986,0.0,0.43539545810493346,0.265625,0.0,1.0,1.0,0.0,0.0,0.0,0.0,0.90625
0.6031137767590974,0.0,0.4361785434612373,0.265625,0.0,1.0,1.0,0.0,0.0,0.0,0.0,0.91015625
0.6100461190206963,0.0,0.4385277995301488,0.27734375,0.0,1.0,1.0,0.0,0.0,0.0,0.0,0.91015625
0.616978461282295,0.0,0.44322631166797183,0.29296875,0.0,1.0,1.0,0.0,0.0,0.0,0.0,0.91796875
0.6239108035438938,0.0,0.4447924823805795,0.30078125,0.0,1.0,1.0,0.0,0.0,0.0,0.0,0.91796875
0.6308431458054927,0.0,0.44792482380579485,0.31640625,0.0,1.0,1.0,0.0,0.0,0.0,0.0,0.91796875
0.6377754880670915,0.0,0.45027407987470636,0.32421875,0.0,1.0,1.0,0.0,0.0,0.0,0.0,0.921875
0.6447078303286904,0.0,0.45262333594361787,0.33203125,0.0,1.0,1.0,0.0,0.0,0.0,0.0,0.92578125
0.6516401725902892,0.0,0.4549725920125294,0.34375,0.0,1.0,1.0,0.0,0.0,0.0,0.0,0.92578125
0.658572514851888,0.0,0.4581049334377447,0.359375,0.0,1.0,1.0,0.0,0.0,0.0,0.0,0.92578125
0.6655048571134868,0.0,0.4596711041503524,0.3671875,0.0,1.0,1.0,0.0,0.0,0.0,0.0,0.92578125
0.6724371993750856,0.0,0.4620203602192639,0.37890625,0.0,1.0,1.0,0.0,0.0,0.0,0.0,0.92578125
0.6793695416366845,0.0,0.46280344557556774,0.3828125,0.0,1.0,1.0,0.0,0.0,0.0,0.0,0.92578125
0.6863018838982833,0.0,0.4667188723570869,0.40234375,0.0,1.0,1.0,0.0,0.0,0.0,0.0,0.92578125
0.6932342261598821,0.0,0.4682850430696946,0.41015625,0.0,1.0,1.0,0.0,0.0,0.0,0.0,0.92578125
0.700166568421481,0.0,0.46985121378230227,0.41796875,0.0,1.0,1.0,0.0,0.0,0.0,0.0,0.92578125
0.7070989106830797,0.0,0.4722004698512138,0.42578125,0.0,1.0,1.0,0.0,0.0,0.0,0.0,0.9296875
0.7140312529446785,0.0,0.47611589663273296,0.44140625,0.0,1.0,1.0,0.0,0.0,0.0,0.0,0.93359375
0.7209635952062774,0.0,0.4792482380579483,0.45703125,0.0,1.0,1.0,0.0,0.0,0.0,0.0,0.93359375
0.7278959374678762,0.0,0.4815974941268598,0.4609375,0.0,1.0,1.0,0.0,0.0,0.0,0.0,0.94140625
0.7348282797294751,0.0,0.4831636648394675,0.46875,0.0,1.0,1.0,0.0,0.0,0.0,0.0,0.94140625
0.7417606219910738,0.0,0.48707909162098667,0.484375,0.0,1.0,1.0,0.0,0.0,0.0,0.0,0.9453125
0.7486929642526726,0.0,0.48864526233359434,0.4921875,0.0,1.0,1.0,0.0,0.0,0.0,0.0,0.9453125
0.7556253065142715,0.0,0.490211433046202,0.5,0.0,1.0,1.0,0.0,0.0,0.0,0.0,0.9453125
0.7625576487758703,0.0,0.4925606891151135,0.5078125,0.0,1.0,1.0,0.0,0.0,0.0,0.0,0.94921875
0.7694899910374691,0.0,0.49334377447141736,0.51171875,0.0,1.0,1.0,0.0,0.0,0.0,0.0,0.94921875
0.776422333299068,0.0,0.49569303054032887,0.51953125,0.0,1.0,1.0,0.0,0.0,0.0,0.0,0.953125
0.7833546755606667,0.0,0.5003915426781519,0.54296875,0.0,1.0,1.0,0.0,0.0,0.0,0.0,0.953125
0.7902870178222656,0.0,0.5035238841033672,0.55859375,0.0,1.0,1.0,0.0,0.0,0.0,0.0,0.953125
0.7972193600838644,0.0,0.5066562255285826,0.57421875,0.0,1.0,1.0,0.0,0.0,0.0,0.0,0.953125
0.8041517023454632,0.0,0.5121378230227095,0.6015625,0.0,1.0,1.0,0.0,0.0,0.0,0.0,0.953125
0.8110840446070621,0.0,0.5168363351605325,0.625,0.0,1.0,1.0,0.0,0.0,0.0,0.0,0.953125
0.8180163868686608,0.0,0.5199686765857479,0.63671875,0.0,1.0,1.0,0.0,0.0,0.0,0.003952569169960474,0.953125
0.8249487291302597,0.0,0.523884103367267,0.65625,0.0,1.0,1.0,0.0,0.0,0.0,0.003952569169960474,0.953125
0.8318810713918585,0.0,0.5254502740798747,0.6640625,0.0,1.0,1.0,0.0,0.0,0.0,0.003952569169960474,0.953125
0.8388134136534573,0.0,0.52858261550509,0.6796875,0.0,1.0,1.0,0.0,0.0,0.0,0.003952569169960474,0.953125
0.8457457559150562,0.0,0.5309318715740016,0.69140625,0.0,1.0,1.0,0.0,0.0,0.0,0.003952569169960474,0.953125
0.852678098176655,0.0,0.5340642129992169,0.69921875,0.0,1.0,1.0,0.0,0.0,0.0,0.003952569169960474,0.9609375
0.8596104404382537,0.0,0.5371965544244323,0.7109375,0.0,1.0,1.0,0.0,0.0,0.0,0.003952569169960474,0.96484375
0.8665427826998526,0.0,0.5379796397807362,0.71484375,0.0,1.0,1.0,0.0,0.0,0.0,0.003952569169960474,0.96484375
0.8734751249614514,0.0,0.5395458104933438,0.71875,0.0,1.0,1.0,0.0,0.0,0.0,0.003952569169960474,0.96875
0.8804074672230503,0.0,0.543461237274863,0.73828125,0.0,1.0,1.0,0.0,0.0,0.0,0.003952569169960474,0.96875
0.8873398094846491,0.0,0.5473766640563822,0.7578125,0.0,1.0,1.0,0.0,0.0,0.0,0.003952569169960474,0.96875
0.8942721517462479,0.0,0.548159749412686,0.76171875,0.0,1.0,1.0,0.0,0.0,0.0,0.003952569169960474,0.96875
0.9012044940078467,0.0,0.5512920908379013,0.77734375,0.0,1.0,1.0,0.0,0.0,0.0,0.003952569169960474,0.96875
0.9081368362694455,0.0,0.5544244322631167,0.79296875,0.0,1.0,1.0,0.0,0.0,0.0,0.003952569169960474,0.96875
0.9150691785310444,0.0,0.5544244322631167,0.79296875,0.0,1.0,1.0,0.0,0.0,0.0,0.003952569169960474,0.96875
0.9220015207926432,0.0,0.5567736883320282,0.80078125,0.0,1.0,1.0,0.0,0.0,0.0,0.007905138339920948,0.96875
0.928933863054242,0.0,0.5583398590446359,0.80859375,0.0,1.0,1.0,0.0,0.0,0.0,0.007905138339920948,0.96875
0.9358662053158409,0.0,0.5606891151135474,0.8125,0.0,1.0,1.0,0.0,0.0,0.0,0.011857707509881422,0.97265625
0.9427985475774396,0.0,0.5630383711824589,0.8203125,0.0,1.0,1.0,0.0,0.0,0.0,0.011857707509881422,0.9765625
0.9497308898390384,0.0,0.5638214565387627,0.8203125,0.0,1.0,1.0,0.0,0.0,0.0,0.011857707509881422,0.98046875
0.9566632321006373,0.0,0.5646045418950666,0.82421875,0.0,1.0,1.0,0.0,0.0,0.0,0.011857707509881422,0.98046875
0.9635955743622361,0.0,0.5653876272513704,0.82421875,0.0,1.0,1.0,0.0,0.0,0.0,0.011857707509881422,0.984375
0.970527916623835,0.0,0.5661707126076743,0.828125,0.0,1.0,1.0,0.0,0.0,0.0,0.011857707509881422,0.984375
0.9774602588854338,0.0,0.5661707126076743,0.828125,0.0,1.0,1.0,0.0,0.0,0.0,0.011857707509881422,0.984375
0.9843926011470325,0.0,0.566953797963978,0.83203125,0.0,1.0,1.0,0.0,0.0,0.0,0.011857707509881422,0.984375
0.9913249434086314,0.0,0.5685199686765857,0.83984375,0.0,1.0,1.0,0.0,0.0,0.0,0.011857707509881422,0.984375
0.9982572856702302,0.0,0.5693030540328896,0.84375,0.0,1.0,1.0,0.0,0.0,0.0,0.011857707509881422,0.984375
1.005189627931829,0.0,0.5708692247454973,0.8515625,0.0,1.0,1.0,0.0,0.0,0.0,0.011857707509881422,0.984375
1.0121219701934279,0.0,0.572435395458105,0.85546875,0.0,1.0,1.0,0.0,0.0,0.0,0.015810276679841896,0.984375
1.0190543124550266,0.0,0.5732184808144087,0.859375,0.0,1.0,1.0,0.0,0.0,0.0,0.015810276679841896,0.984375
1.0259866547166254,0.0,0.5740015661707126,0.86328125,0.0,1.0,1.0,0.0,0.0,0.0,0.015810276679841896,0.984375
1.0329189969782244,0.0,0.577133907595928,0.8671875,0.0,1.0,1.0,0.0,0.0,0.0,0.023715415019762844,0.98828125
1.0398513392398232,0.0,0.5787000783085356,0.875,0.0,1.0,1.0,0.0,0.0,0.0,0.023715415019762844,0.98828125
1.046783681501422,0.0,0.5810493343774471,0.8828125,0.0,1.0,1.0,0.0,0.0,0.0,0.02766798418972332,0.98828125
1.0537160237630208,0.0,0.581832419733751,0.88671875,0.0,1.0,1.0,0.0,0.0,0.0,0.02766798418972332,0.98828125
1.0606483660246195,0.0,0.5826155050900548,0.88671875,0.0,1.0,1.0,0.0,0.0,0.0,0.03162055335968379,0.98828125
1.0675807082862183,0.0,0.5833985904463587,0.890625,0.0,1.0,1.0,0.0,0.0,0.0,0.03162055335968379,0.98828125
1.0745130505478173,0.0,0.5841816758026624,0.89453125,0.0,1.0,1.0,0.0,0.0,0.0,0.03162055335968379,0.98828125
1.081445392809416,0.0,0.586530931871574,0.8984375,0.0,1.0,1.0,0.0,0.0,0.0,0.03557312252964427,0.9921875
1.0883777350710149,0.0,0.5888801879404855,0.90234375,0.0,1.0,1.0,0.0,0.0,0.0,0.039525691699604744,0.99609375
1.0953100773326137,0.0,0.5896632732967894,0.90625,0.0,1.0,1.0,0.0,0.0,0.0,0.039525691699604744,0.99609375
1.1022424195942124,0.0,0.591229444009397,0.9140625,0.0,1.0,1.0,0.0,0.0,0.0,0.039525691699604744,0.99609375
1.1091747618558114,0.0,0.5920125293657008,0.91796875,0.0,1.0,1.0,0.0,0.0,0.0,0.039525691699604744,0.99609375
1.1161071041174102,0.0,0.5920125293657008,0.91796875,0.0,1.0,1.0,0.0,0.0,0.0,0.039525691699604744,0.99609375
1.123039446379009,0.0,0.5935787000783085,0.91796875,0.0,1.0,1.0,0.0,0.0,0.0,0.04743083003952569,0.99609375
1.1299717886406078,0.0,0.59592795614722,0.92578125,0.0,1.0,1.0,0.0,0.0,0.0,0.05138339920948617,0.99609375
1.1369041309022065,0.0,0.5982772122161315,0.92578125,0.0,1.0,1.0,0.0,0.0,0.0,0.06324110671936758,0.99609375
1.1438364731638055,0.0,0.6006264682850431,0.9296875,0.0,1.0,1.0,0.0,0.0,0.0,0.07114624505928854,0.99609375
1.1507688154254043,0.0,0.6029757243539546,0.93359375,0.0,1.0,1.0,0.0,0.0,0.0,0.07905138339920949,0.99609375
1.157701157687003,0.0,0.6045418950665623,0.9375,0.0,1.0,1.0,0.0,0.0,0.0,0.08300395256916997,0.99609375
1.1646334999486019,0.0,0.6068911511354738,0.94140625,0.0,1.0,1.0,0.0,0.0,0.0,0.09090909090909091,0.99609375
1.1715658422102007,0.0,0.6084573218480814,0.9453125,0.0,1.0,1.0,0.0,0.0,0.0,0.09486166007905138,0.99609375
1.1784981844717997,0.0,0.6092404072043853,0.9453125,0.0,1.0,1.0,0.0,0.0,0.00390625,0.09486166007905138,0.99609375
1.1854305267333984,0.0,0.6100234925606891,0.9453125,0.0,1.0,1.0,0.0,0.0,0.00390625,0.09881422924901186,0.99609375
1.1923628689949972,0.0,0.6147220046985121,0.953125,0.0,1.0,1.0,0.0,0.0,0.00390625,0.11462450592885376,0.99609375
1.199295211256596,0.0,0.6186374314800314,0.95703125,0.0,1.0,1.0,0.0,0.0,0.00390625,0.13043478260869565,0.99609375
1.2062275535181948,0.0,0.620203602192639,0.95703125,0.0,1.0,1.0,0.0,0.0,0.00390625,0.1383399209486166,0.99609375
1.2131598957797936,0.0,0.6209866875489428,0.95703125,0.0,1.0,1.0,0.0,0.0,0.00390625,0.1422924901185771,0.99609375
1.2200922380413926,0.0,0.624902114330462,0.9609375,0.0,1.0,1.0,0.0,0.0,0.0078125,0.1541501976284585,0.99609375
1.2270245803029913,0.0,0.6272513703993735,0.9609375,0.0,1.0,1.0,0.0,0.0,0.0078125,0.16600790513833993,0.99609375
1.23395692256459,0.0,0.6296006264682851,0.96484375,0.0,1.0,1.0,0.0,0.0,0.01171875,0.16996047430830039,0.99609375
1.2408892648261889,0.0,0.6335160532498042,0.96484375,0.0,1.0,1.0,0.0,0.0,0.015625,0.1857707509881423,0.99609375
1.2478216070877877,0.0,0.6358653093187158,0.96875,0.0,1.0,1.0,0.0,0.0,0.015625,0.19367588932806323,0.99609375
1.2547539493493867,0.0,0.6374314800313234,0.96875,0.0,1.0,1.0,0.0,0.0,0.015625,0.2015810276679842,0.99609375
1.2616862916109854,0.0,0.6382145653876272,0.96875,0.0,1.0,1.0,0.0,0.0,0.015625,0.20553359683794467,0.99609375
1.2686186338725842,0.0,0.6413469068128426,0.97265625,0.0,1.0,1.0,0.0,0.0,0.015625,0.21739130434782608,0.99609375
1.275550976134183,0.0,0.6460454189506656,0.9765625,0.0,1.0,1.0,0.0,0.0,0.01953125,0.233201581027668,0.99609375
1.2824833183957818,0.0,0.6476115896632733,0.9765625,0.0,1.0,1.0,0.0,0.0,0.01953125,0.24110671936758893,0.99609375
1.2894156606573808,0.0,0.6491777603758809,0.9765625,0.0,1.0,1.0,0.0,0.0,0.01953125,0.2490118577075099,0.99609375
1.2963480029189796,0.0,0.6499608457321848,0.9765625,0.0,1.0,1.0,0.0,0.0,0.0234375,0.2490118577075099,0.99609375
1.3032803451805783,0.0,0.653876272513704,0.9765625,0.0,1.0,1.0,0.0,0.0,0.0234375,0.26877470355731226,0.99609375
1.3102126874421771,0.0,0.6562255285826155,0.9765625,0.0,1.0,1.0,0.0,0.0,0.0234375,0.28063241106719367,0.99609375
1.317145029703776,0.0,0.6577916992952232,0.9765625,0.0,1.0,1.0,0.0,0.0,0.0234375,0.2885375494071146,0.99609375
1.324077371965375,0.0,0.6609240407204385,0.9765625,0.0,1.0,1.0,0.0,0.0,0.0234375,0.30434782608695654,0.99609375
1.3310097142269737,0.0,0.6648394675019577,0.984375,0.0,1.0,1.0,0.0,0.0,0.03125,0.308300395256917,0.99609375
1.3379420564885725,0.0,0.6671887235708692,0.98828125,0.0,1.0,1.0,0.0,0.0,0.03515625,0.31225296442687744,0.99609375
1.3448743987501712,0.0,0.6711041503523885,0.98828125,0.0,1.0,1.0,0.0,0.0,0.04296875,0.3241106719367589,0.99609375
1.35180674101177,0.0,0.6734534064212999,0.98828125,0.0,1.0,1.0,0.0,0.0,0.05078125,0.32806324110671936,0.99609375
1.358739083273369,0.0,0.6765857478465153,0.98828125,0.0,1.0,1.0,0.0,0.0,0.0546875,0.33992094861660077,0.99609375
1.3656714255349678,0.0,0.6812842599843383,0.98828125,0.0,1.0,1.0,0.0,0.0,0.0546875,0.36363636363636365,0.99609375
1.3726037677965666,0.0,0.6844166014095536,0.98828125,0.0,1.0,1.0,0.0,0.0,0.0625,0.3715415019762846,0.99609375
1.3795361100581653,0.0,0.6859827721221613,0.98828125,0.0,1.0,1.0,0.0,0.0,0.06640625,0.37549407114624506,0.99609375
1.3864684523197641,0.0,0.687548942834769,0.98828125,0.0,1.0,1.0,0.0,0.0,0.07421875,0.37549407114624506,0.99609375
1.393400794581363,0.0,0.6914643696162882,0.9921875,0.0,1.0,1.0,0.0,0.0,0.078125,0.38735177865612647,0.99609375
1.400333136842962,0.0,0.6930305403288959,0.9921875,0.0,1.0,1.0,0.0,0.0,0.078125,0.3952569169960474,0.99609375
1.4072654791045607,0.0,0.696945967110415,0.9921875,0.0,1.0,1.0,0.0,0.0,0.08203125,0.41106719367588934,0.99609375
1.4141978213661595,0.0,0.7008613938919342,0.9921875,0.0,1.0,1.0,0.0,0.0,0.08984375,0.42292490118577075,0.99609375
1.4211301636277582,0.0,0.701644479248238,0.9921875,0.0,1.0,1.0,0.0,0.0,0.09375,0.42292490118577075,0.99609375
1.428062505889357,0.0,0.7047768206734534,0.99609375,0.0,1.0,1.0,0.0,0.0,0.1015625,0.4268774703557312,0.99609375
1.434994848150956,0.0,0.7079091620986687,0.99609375,0.0,1.0,1.0,0.0,0.0,0.109375,0.43478260869565216,0.99609375
1.4419271904125548,0.0,0.7094753328112764,0.99609375,0.0,1.0,1.0,0.0,0.0,0.11328125,0.43873517786561267,0.99609375
1.4488595326741536,0.0,0.7149569303054033,0.99609375,0.0,1.0,1.0,0.0,0.0,0.11328125,0.466403162055336,0.99609375
1.4557918749357524,0.0,0.716523101018011,0.99609375,0.0,1.0,1.0,0.0,0.0,0.1171875,0.47035573122529645,0.99609375
1.4627242171973511,0.0,0.7204385277995301,0.99609375,0.0,1.0,1.0,0.0,0.0,0.12109375,0.48616600790513836,0.99609375
1.4696565594589501,0.0,0.7243539545810493,0.99609375,0.0,1.0,1.0,0.0,0.0,0.125,0.5019762845849802,0.99609375
1.476588901720549,0.0,0.7314017227877838,0.99609375,0.0,1.0,1.0,0.0,0.0,0.12890625,0.5335968379446641,0.99609375
1.4835212439821477,0.0,0.735317149569303,0.99609375,0.0,1.0,1.0,0.0,0.0,0.14453125,0.5375494071146245,0.99609375
1.4904535862437465,0.0,0.7392325763508223,0.99609375,0.0,1.0,1.0,0.0,0.0,0.15625,0.541501976284585,1.0
1.4973859285053452,0.0,0.7439310884886453,0.99609375,0.0,1.0,1.0,0.0,0.0,0.16015625,0.5612648221343873,1.0
1.5043182707669442,0.0,0.7470634299138607,1.0,0.0,1.0,1.0,0.0,0.0,0.1640625,0.5691699604743083,1.0
1.511250613028543,0.0,0.7525450274079875,1.0,0.0,1.0,1.0,0.0,0.0,0.1796875,0.5810276679841897,1.0
1.5181829552901418,0.0,0.7541111981205951,1.0,0.0,1.0,1.0,0.0,0.0,0.1796875,0.5889328063241107,1.0
1.5251152975517406,0.0,0.7556773688332028,1.0,0.0,1.0,1.0,0.0,0.0,0.1796875,0.5968379446640316,1.0
1.5320476398133394,0.0,0.7588097102584181,1.0,0.0,1.0,1.0,0.0,0.0,0.19140625,0.6007905138339921,1.0
1.5389799820749381,0.0,0.7627251370399374,1.0,0.0,1.0,1.0,0.0,0.0,0.19921875,0.6126482213438735,1.0
1.5459123243365371,0.0,0.7666405638214565,1.0,0.0,1.0,1.0,0.0,0.0,0.20703125,0.6245059288537549,1.0
1.552844666598136,0.0,0.7689898198903681,1.0,0.0,1.0,1.0,0.0,0.0,0.21484375,0.6284584980237155,1.0
1.5597770088597347,0.0,0.7752545027407988,1.0,0.0,1.0,1.0,0.0,0.0,0.2265625,0.6482213438735178,1.0
1.5667093511213335,0.0,0.7791699295223179,1.0,0.0,1.0,1.0,0.0,0.0,0.23828125,0.6561264822134387,1.0
1.5736416933829322,0.0,0.7823022709475332,1.0,0.0,1.0,1.0,0.0,0.0,0.23828125,0.6719367588932806,1.0
1.5805740356445312,0.0,0.7862176977290525,1.0,0.0,1.0,1.0,0.0,0.0,0.25390625,0.6758893280632411,1.0
1.58750637790613,0.0,0.7885669537979639,1.0,0.0,1.0,1.0,0.0,0.0,0.2578125,0.6837944664031621,1.0
1.5944387201677288,0.0,0.7924823805794832,1.0,0.0,1.0,1.0,0.0,0.0,0.26953125,0.691699604743083,1.0
1.6013710624293276,0.0,0.7963978073610023,1.0,0.0,1.0,1.0,0.0,0.0,0.2734375,0.7075098814229249,1.0
1.6083034046909264,0.0,0.8010963194988254,1.0,0.0,1.0,1.0,0.0,0.0,0.28515625,0.7193675889328063,1.0
1.6152357469525254,0.0,0.8097102584181676,1.0,0.0,1.0,1.0,0.0,0.0,0.3046875,0.7430830039525692,1.0
1.6221680892141241,0.0,0.8128425998433829,1.0,0.0,1.0,1.0,0.0,0.0,0.3125,0.7509881422924901,1.0
1.629100431475723,0.0,0.8159749412685983,1.0,0.0,1.0,1.0,0.0,0.0,0.32421875,0.7549407114624506,1.0
1.6360327737373217,0.0,0.8175411119812059,1.0,0.0,1.0,1.0,0.0,0.0,0.32421875,0.7628458498023716,1.0
1.6429651159989205,0.0,0.8230227094753328,1.0,0.0,1.0,1.0,0.0,0.0,0.33984375,0.7747035573122529,1.0
1.6498974582605195,0.0,0.8285043069694596,1.0,0.0,1.0,1.0,0.0,0.0,0.359375,0.782608695652174,1.0
1.6568298005221183,0.0,0.8332028191072827,1.0,0.0,1.0,1.0,0.0,0.0,0.375,0.7905138339920948,1.0
1.663762142783717,0.0,0.8355520751761942,1.0,0.0,1.0,1.0,0.0,0.0,0.38671875,0.7905138339920948,1.0
1.6706944850453158,0.0,0.8402505873140172,1.0,0.0,1.0,1.0,0.0,0.0,0.39453125,0.8063241106719368,1.0
1.6776268273069146,0.0,0.8441660140955364,1.0,0.0,1.0,1.0,0.0,0.0,0.40234375,0.8181818181818182,1.0
1.6845591695685136,0.0,0.8480814408770556,1.0,0.0,1.0,1.0,0.0,0.0,0.41015625,0.8300395256916996,1.0
1.6914915118301124,0.0,0.8527799530148786,1.0,0.0,1.0,1.0,0.0,0.0,0.42578125,0.8379446640316206,1.0
1.6984238540917111,0.0,0.855912294440094,1.0,0.0,1.0,1.0,0.0,0.0,0.43359375,0.8458498023715415,1.0
1.70535619635331,0.0,0.8637431480031323,1.0,0.0,1.0,1.0,0.0,0.0,0.46484375,0.8537549407114624,1.0
1.7122885386149087,0.0,0.8660924040720438,1.0,0.0,1.0,1.0,0.0,0.0,0.4765625,0.8537549407114624,1.0
1.7192208808765075,0.0,0.8692247454972593,1.0,0.0,1.0,1.0,0.0,0.0,0.4921875,0.8537549407114624,1.0
1.7261532231381065,0.0,0.8707909162098669,1.0,0.0,1.0,1.0,0.0,0.0,0.5,0.8537549407114624,1.0
1.7330855653997053,0.0,0.8739232576350823,1.0,0.0,1.0,1.0,0.0,0.0,0.5078125,0.8616600790513834,1.0
1.740017907661304,0.0,0.8770555990602976,1.0,0.0,1.0,1.0,0.0,0.0,0.5234375,0.8616600790513834,1.0
1.7469502499229028,0.0,0.8778386844166014,1.0,0.0,1.0,1.0,0.0,0.0,0.5234375,0.8656126482213439,1.0
1.7538825921845016,0.0,0.8817541111981206,1.0,0.0,1.0,1.0,0.0,0.0,0.5390625,0.8695652173913043,1.0
1.7608149344461006,0.0,0.8833202819107283,1.0,0.0,1.0,1.0,0.0,0.0,0.54296875,0.8735177865612648,1.0
1.7677472767076994,0.0,0.8841033672670321,1.0,0.0,1.0,1.0,0.0,0.0,0.546875,0.8735177865612648,1.0
1.7746796189692982,0.0,0.8872357086922474,1.0,0.0,1.0,1.0,0.0,0.0,0.5625,0.8735177865612648,1.0
1.781611961230897,0.0,0.8903680501174628,1.0,0.0,1.0,1.0,0.0,0.0,0.5703125,0.8814229249011858,1.0
1.7885443034924957,0.0,0.8935003915426781,1.0,0.0,1.0,1.0,0.0,0.0,0.58203125,0.8853754940711462,1.0
1.7954766457540947,0.0,0.8966327329678935,1.0,0.0,1.0,1.0,0.0,0.0,0.59375,0.8893280632411067,1.0
1.8024089880156935,0.0,0.9005481597494127,1.0,0.0,1.0,1.0,0.0,0.0,0.61328125,0.8893280632411067,1.0
1.8093413302772923,0.0,0.9060297572435395,1.0,0.0,1.0,1.0,0.0,0.0,0.640625,0.8893280632411067,1.0
1.816273672538891,0.0,0.9060297572435395,1.0,0.0,1.0,1.0,0.0,0.0,0.640625,0.8893280632411067,1.0
1.8232060148004898,0.0,0.9091620986687549,1.0,0.0,1.0,1.0,0.0,0.0,0.64453125,0.9011857707509882,1.0
1.8301383570620888,0.0,0.9130775254502741,1.0,0.0,1.0,1.0,0.0,0.0,0.66015625,0.9051383399209486,1.0
1.8370706993236876,0.0,0.9162098668754894,1.0,0.0,1.0,1.0,0.0,0.0,0.671875,0.9090909090909091,1.0
1.8440030415852864,0.0,0.9185591229444009,1.0,0.0,1.0,1.0,0.0,0.0,0.68359375,0.9090909090909091,1.0
1.8509353838468852,0.0,0.9216914643696162,1.0,0.0,1.0,1.0,0.0,0.0,0.69921875,0.9090909090909091,1.0
1.857867726108484,0.0,0.9232576350822239,1.0,0.0,1.0,1.0,0.0,0.0,0.70703125,0.9090909090909091,1.0
1.8648000683700827,0.0,0.9287392325763508,1.0,0.0,1.0,1.0,0.0,0.0,0.73046875,0.9130434782608695,1.0
1.8717324106316817,0.0,0.9295223179326546,1.0,0.0,1.0,1.0,0.0,0.0,0.734375,0.9130434782608695,1.0
1.8786647528932805,0.0,0.9318715740015662,1.0,0.0,1.0,1.0,0.0,0.0,0.74609375,0.9130434782608695,1.0
1.8855970951548793,0.0,0.93265465935787,1.0,0.0,1.0,1.0,0.0,0.0,0.75,0.9130434782608695,1.0
1.892529437416478,0.0,0.9334377447141738,1.0,0.0,1.0,1.0,0.0,0.0,0.75390625,0.9130434782608695,1.0
1.8994617796780768,0.0,0.9373531714956931,1.0,0.0,1.0,1.0,0.0,0.0,0.765625,0.9209486166007905,1.0
1.9063941219396758,0.0,0.9389193422083008,1.0,0.0,1.0,1.0,0.0,0.0,0.7734375,0.9209486166007905,1.0
1.9133264642012746,0.0,0.9420516836335161,1.0,0.0,1.0,1.0,0.0,0.0,0.78515625,0.924901185770751,1.0
1.9202588064628734,0.0,0.9436178543461238,1.0,0.0,1.0,1.0,0.0,0.0,0.79296875,0.924901185770751,1.0
1.9271911487244722,0.0,0.9444009397024276,1.0,0.0,1.0,1.0,0.0,0.0,0.796875,0.924901185770751,1.0
1.934123490986071,0.0,0.9444009397024276,1.0,0.0,1.0,1.0,0.0,0.0,0.796875,0.924901185770751,1.0
1.94105583324767,0.0,0.9459671104150352,1.0,0.0,1.0,1.0,0.0,0.0,0.80078125,0.9288537549407114,1.0
1.9479881755092687,0.0,0.9490994518402506,1.0,0.0,1.0,1.0,0.0,0.0,0.80859375,0.9367588932806324,1.0
1.9549205177708675,0.0,0.9514487079091621,1.0,0.0,1.0,1.0,0.0,0.0,0.8203125,0.9367588932806324,1.0
1.9618528600324663,0.0,0.9537979639780736,1.0,0.0,1.0,1.0,0.0,0.0,0.82421875,0.9446640316205533,1.0
1.968785202294065,0.0,0.9561472200469852,1.0,0.0,1.0,1.0,0.0,0.0,0.8359375,0.9446640316205533,1.0
1.975717544555664,0.0,0.9577133907595928,1.0,0.0,1.0,1.0,0.0,0.0,0.83984375,0.9486166007905138,1.0
1.9826498868172628,0.0,0.9584964761158966,1.0,0.0,1.0,1.0,0.0,0.0,0.84375,0.9486166007905138,1.0
1.9895822290788616,0.0,0.9592795614722005,1.0,0.0,1.0,1.0,0.0,0.0,0.84375,0.9525691699604744,1.0
1.9965145713404604,0.0,0.9600626468285043,1.0,0.0,1.0,1.0,0.0,0.0,0.84765625,0.9525691699604744,1.0
2.003446913602059,0.0,0.961628817541112,1.0,0.0,1.0,1.0,0.0,0.0,0.8515625,0.9565217391304348,1.0
2.010379255863658,0.0,0.961628817541112,1.0,0.0,1.0,1.0,0.0,0.0,0.8515625,0.9565217391304348,1.0
2.0173115981252567,0.0,0.9624119028974158,1.0,0.0,1.0,1.0,0.0,0.0,0.85546875,0.9565217391304348,1.0
2.0242439403868557,0.0,0.9639780736100235,1.0,0.0,1.0,1.0,0.0,0.0,0.859375,0.9604743083003953,1.0
2.0311762826484547,0.0,0.9655442443226312,1.0,0.0,1.0,1.0,0.0,0.0,0.8671875,0.9604743083003953,1.0
2.0381086249100533,0.0,0.9655442443226312,1.0,0.0,1.0,1.0,0.0,0.0,0.8671875,0.9604743083003953,1.0
2.0450409671716523,0.0,0.966327329678935,1.0,0.0,1.0,1.0,0.0,0.0,0.8671875,0.9644268774703557,1.0
2.051973309433251,0.0,0.9694596711041503,1.0,0.0,1.0,1.0,0.0,0.0,0.87890625,0.9683794466403162,1.0
2.05890565169485,0.0,0.9702427564604542,1.0,0.0,1.0,1.0,0.0,0.0,0.8828125,0.9683794466403162,1.0
2.065837993956449,0.0,0.9725920125293657,1.0,0.0,1.0,1.0,0.0,0.0,0.89453125,0.9683794466403162,1.0
2.0727703362180474,0.0,0.9725920125293657,1.0,0.0,1.0,1.0,0.0,0.0,0.89453125,0.9683794466403162,1.0
2.0797026784796464,0.0,0.9733750978856696,1.0,0.0,1.0,1.0,0.0,0.0,0.8984375,0.9683794466403162,1.0
2.086635020741245,0.0,0.9733750978856696,1.0,0.0,1.0,1.0,0.0,0.0,0.8984375,0.9683794466403162,1.0
2.093567363002844,0.0,0.9741581832419733,1.0,0.0,1.0,1.0,0.0,0.0,0.90234375,0.9683794466403162,1.0
2.1004997052644425,0.0,0.9741581832419733,1.0,0.0,1.0,1.0,0.0,0.0,0.90234375,0.9683794466403162,1.0
2.1074320475260415,0.0,0.9749412685982772,1.0,0.0,1.0,1.0,0.0,0.0,0.90625,0.9683794466403162,1.0
2.1143643897876405,0.0,0.9765074393108849,1.0,0.0,1.0,1.0,0.0,0.0,0.91015625,0.9723320158102767,1.0
2.121296732049239,0.0,0.9772905246671887,1.0,0.0,1.0,1.0,0.0,0.0,0.9140625,0.9723320158102767,1.0
2.128229074310838,0.0,0.9780736100234926,1.0,0.0,1.0,1.0,0.0,0.0,0.91796875,0.9723320158102767,1.0
2.1351614165724366,0.0,0.9788566953797964,1.0,0.0,1.0,1.0,0.0,0.0,0.921875,0.9723320158102767,1.0
2.1420937588340356,0.0,0.9788566953797964,1.0,0.0,1.0,1.0,0.0,0.0,0.921875,0.9723320158102767,1.0
2.1490261010956346,0.0,0.9788566953797964,1.0,0.0,1.0,1.0,0.0,0.0,0.921875,0.9723320158102767,1.0
2.155958443357233,0.0,0.9796397807361003,1.0,0.0,1.0,1.0,0.0,0.0,0.921875,0.9762845849802372,1.0
2.162890785618832,0.0,0.9812059514487079,1.0,0.0,1.0,1.0,0.0,0.0,0.9296875,0.9762845849802372,1.0
2.1698231278804307,0.0,0.9819890368050117,1.0,0.0,1.0,1.0,0.0,0.0,0.93359375,0.9762845849802372,1.0
2.1767554701420297,0.0,0.9819890368050117,1.0,0.0,1.0,1.0,0.0,0.0,0.93359375,0.9762845849802372,1.0
2.1836878124036287,0.0,0.9819890368050117,1.0,0.0,1.0,1.0,0.0,0.0,0.93359375,0.9762845849802372,1.0
2.1906201546652273,0.0,0.9819890368050117,1.0,0.0,1.0,1.0,0.0,0.0,0.93359375,0.9762845849802372,1.0
2.1975524969268263,0.0,0.9819890368050117,1.0,0.0,1.0,1.0,0.0,0.0,0.93359375,0.9762845849802372,1.0
2.204484839188425,0.0,0.9835552075176194,1.0,0.0,1.0,1.0,0.0,0.0,0.9375,0.9802371541501976,1.0
2.211417181450024,0.0,0.9835552075176194,1.0,0.0,1.0,1.0,0.0,0.0,0.9375,0.9802371541501976,1.0
2.218349523711623,0.0,0.985121378230227,1.0,0.0,1.0,1.0,0.0,0.0,0.94140625,0.9841897233201581,1.0
2.2252818659732214,0.0,0.985121378230227,1.0,0.0,1.0,1.0,0.0,0.0,0.94140625,0.9841897233201581,1.0
2.2322142082348204,0.0,0.9866875489428347,1.0,0.0,1.0,1.0,0.0,0.0,0.94140625,0.9920948616600791,1.0
2.239146550496419,0.0,0.9866875489428347,1.0,0.0,1.0,1.0,0.0,0.0,0.94140625,0.9920948616600791,1.0
2.246078892758018,0.0,0.9866875489428347,1.0,0.0,1.0,1.0,0.0,0.0,0.94140625,0.9920948616600791,1.0
2.253011235019617,0.0,0.9866875489428347,1.0,0.0,1.0,1.0,0.0,0.0,0.94140625,0.9920948616600791,1.0
2.2599435772812155,0.0,0.9866875489428347,1.0,0.0,1.0,1.0,0.0,0.0,0.94140625,0.9920948616600791,1.0
2.2668759195428145,0.0,0.9874706342991386,1.0,0.0,1.0,1.0,0.0,0.0,0.9453125,0.9920948616600791,1.0
2.273808261804413,0.0,0.9882537196554424,1.0,0.0,1.0,1.0,0.0,0.0,0.94921875,0.9920948616600791,1.0
2.280740604066012,0.0,0.9890368050117463,1.0,0.0,1.0,1.0,0.0,0.0,0.94921875,0.9960474308300395,1.0
2.287672946327611,0.0,0.9898198903680501,1.0,0.0,1.0,1.0,0.0,0.0,0.94921875,1.0,1.0
2.2946052885892096,0.0,0.9898198903680501,1.0,0.0,1.0,1.0,0.0,0.0,0.94921875,1.0,1.0
2.3015376308508086,0.0,0.9898198903680501,1.0,0.0,1.0,1.0,0.0,0.0,0.94921875,1.0,1.0
2.308469973112407,0.0,0.9898198903680501,1.0,0.0,1.0,1.0,0.0,0.0,0.94921875,1.0,1.0
2.315402315374006,0.0,0.9898198903680501,1.0,0.0,1.0,1.0,0.0,0.0,0.94921875,1.0,1.0
2.322334657635605,0.0,0.9898198903680501,1.0,0.0,1.0,1.0,0.0,0.0,0.94921875,1.0,1.0
2.3292669998972038,0.0,0.9898198903680501,1.0,0.0,1.0,1.0,0.0,0.0,0.94921875,1.0,1.0
2.3361993421588028,0.0,0.9898198903680501,1.0,0.0,1.0,1.0,0.0,0.0,0.94921875,1.0,1.0
2.3431316844204013,0.0,0.9898198903680501,1.0,0.0,1.0,1.0,0.0,0.0,0.94921875,1.0,1.0
2.3500640266820003,0.0,0.9913860610806577,1.0,0.0,1.0,1.0,0.0,0.0,0.95703125,1.0,1.0
2.3569963689435993,0.0,0.9929522317932654,1.0,0.0,1.0,1.0,0.0,0.0,0.96484375,1.0,1.0
2.363928711205198,0.0,0.9929522317932654,1.0,0.0,1.0,1.0,0.0,0.0,0.96484375,1.0,1.0
2.370861053466797,0.0,0.9929522317932654,1.0,0.0,1.0,1.0,0.0,0.0,0.96484375,1.0,1.0
2.3777933957283954,0.0,0.9929522317932654,1.0,0.0,1.0,1.0,0.0,0.0,0.96484375,1.0,1.0
2.3847257379899944,0.0,0.9929522317932654,1.0,0.0,1.0,1.0,0.0,0.0,0.96484375,1.0,1.0
2.3916580802515934,0.0,0.9929522317932654,1.0,0.0,1.0,1.0,0.0,0.0,0.96484375,1.0,1.0
2.398590422513192,0.0,0.9929522317932654,1.0,0.0,1.0,1.0,0.0,0.0,0.96484375,1.0,1.0
2.405522764774791,0.0,0.9929522317932654,1.0,0.0,1.0,1.0,0.0,0.0,0.96484375,1.0,1.0
2.4124551070363895,0.0,0.9929522317932654,1.0,0.0,1.0,1.0,0.0,0.0,0.96484375,1.0,1.0
2.4193874492979885,0.0,0.9929522317932654,1.0,0.0,1.0,1.0,0.0,0.0,0.96484375,1.0,1.0
2.426319791559587,0.0,0.9929522317932654,1.0,0.0,1.0,1.0,0.0,0.0,0.96484375,1.0,1.0
2.433252133821186,0.0,0.9929522317932654,1.0,0.0,1.0,1.0,0.0,0.0,0.96484375,1.0,1.0
2.440184476082785,0.0,0.9929522317932654,1.0,0.0,1.0,1.0,0.0,0.0,0.96484375,1.0,1.0
2.4471168183443837,0.0,0.9929522317932654,1.0,0.0,1.0,1.0,0.0,0.0,0.96484375,1.0,1.0
2.4540491606059827,0.0,0.9929522317932654,1.0,0.0,1.0,1.0,0.0,0.0,0.96484375,1.0,1.0
2.460981502867581,0.0,0.9937353171495693,1.0,0.0,1.0,1.0,0.0,0.0,0.96875,1.0,1.0
2.46791384512918,0.0,0.9937353171495693,1.0,0.0,1.0,1.0,0.0,0.0,0.96875,1.0,1.0
2.474846187390779,0.0,0.9945184025058731,1.0,0.0,1.0,1.0,0.0,0.0,0.97265625,1.0,1.0
2.4817785296523778,0.0,0.9945184025058731,1.0,0.0,1.0,1.0,0.0,0.0,0.97265625,1.0,1.0
2.4887108719139768,0.0,0.995301487862177,1.0,0.0,1.0,1.0,0.0,0.0,0.9765625,1.0,1.0
2.4956432141755753,0.0,0.995301487862177,1.0,0.0,1.0,1.0,0.0,0.0,0.9765625,1.0,1.0
2.5025755564371743,0.0,0.9960845732184808,1.0,0.0,1.0,1.0,0.0,0.0,0.98046875,1.0,1.0
2.5095078986987733,0.0,0.9960845732184808,1.0,0.0,1.0,1.0,0.0,0.0,0.98046875,1.0,1.0
2.516440240960372,0.0,0.9960845732184808,1.0,0.0,1.0,1.0,0.0,0.0,0.98046875,1.0,1.0
2.523372583221971,0.0,0.9960845732184808,1.0,0.0,1.0,1.0,0.0,0.0,0.98046875,1.0,1.0
2.5303049254835694,0.0,0.9960845732184808,1.0,0.0,1.0,1.0,0.0,0.0,0.98046875,1.0,1.0
2.5372372677451684,0.0,0.9960845732184808,1.0,0.0,1.0,1.0,0.0,0.0,0.98046875,1.0,1.0
2.5441696100067674,0.0,0.9960845732184808,1.0,0.0,1.0,1.0,0.0,0.0,0.98046875,1.0,1.0
2.551101952268366,0.0,0.9960845732184808,1.0,0.0,1.0,1.0,0.0,0.0,0.98046875,1.0,1.0
2.558034294529965,0.0,0.9960845732184808,1.0,0.0,1.0,1.0,0.0,0.0,0.98046875,1.0,1.0
2.5649666367915636,0.0,0.9968676585747847,1.0,0.0,1.0,1.0,0.0,0.0,0.984375,1.0,1.0
2.5718989790531626,0.0,0.9968676585747847,1.0,0.0,1.0,1.0,0.0,0.0,0.984375,1.0,1.0
2.5788313213147616,0.0,0.9968676585747847,1.0,0.0,1.0,1.0,0.0,0.0,0.984375,1.0,1.0
2.58576366357636,0.0,0.9968676585747847,1.0,0.0,1.0,1.0,0.0,0.0,0.984375,1.0,1.0
2.592696005837959,0.0,0.9976507439310884,1.0,0.0,1.0,1.0,0.0,0.0,0.98828125,1.0,1.0
2.5996283480995577,0.0,0.9976507439310884,1.0,0.0,1.0,1.0,0.0,0.0,0.98828125,1.0,1.0
2.6065606903611567,0.0,0.9976507439310884,1.0,0.0,1.0,1.0,0.0,0.0,0.98828125,1.0,1.0
2.6134930326227557,0.0,0.9976507439310884,1.0,0.0,1.0,1.0,0.0,0.0,0.98828125,1.0,1.0
2.6204253748843542,0.0,0.9976507439310884,1.0,0.0,1.0,1.0,0.0,0.0,0.98828125,1.0,1.0
2.6273577171459532,0.0,0.9976507439310884,1.0,0.0,1.0,1.0,0.0,0.0,0.98828125,1.0,1.0
2.634290059407552,0.0,0.9976507439310884,1.0,0.0,1.0,1.0,0.0,0.0,0.98828125,1.0,1.0
2.641222401669151,0.0,0.9984338292873923,1.0,0.0,1.0,1.0,0.0,0.0,0.9921875,1.0,1.0
2.64815474393075,0.0,0.9984338292873923,1.0,0.0,1.0,1.0,0.0,0.0,0.9921875,1.0,1.0
2.6550870861923483,0.0,0.9984338292873923,1.0,0.0,1.0,1.0,0.0,0.0,0.9921875,1.0,1.0
2.6620194284539473,0.0,0.9984338292873923,1.0,0.0,1.0,1.0,0.0,0.0,0.9921875,1.0,1.0
2.668951770715546,0.0,0.9984338292873923,1.0,0.0,1.0,1.0,0.0,0.0,0.9921875,1.0,1.0
2.675884112977145,0.0,0.9984338292873923,1.0,0.0,1.0,1.0,0.0,0.0,0.9921875,1.0,1.0
2.682816455238744,0.0,0.9984338292873923,1.0,0.0,1.0,1.0,0.0,0.0,0.9921875,1.0,1.0
2.6897487975003425,0.0,0.9984338292873923,1.0,0.0,1.0,1.0,0.0,0.0,0.9921875,1.0,1.0
2.6966811397619415,0.0,0.9992169146436961,1.0,0.0,1.0,1.0,0.0,0.0,0.99609375,1.0,1.0
2.70361348202354,0.0,0.9992169146436961,1.0,0.0,1.0,1.0,0.0,0.0,0.99609375,1.0,1.0
2.710545824285139,0.0,0.9992169146436961,1.0,0.0,1.0,1.0,0.0,0.0,0.99609375,1.0,1.0
2.717478166546738,0.0,0.9992169146436961,1.0,0.0,1.0,1.0,0.0,0.0,0.99609375,1.0,1.0
2.7244105088083366,0.0,0.9992169146436961,1.0,0.0,1.0,1.0,0.0,0.0,0.99609375,1.0,1.0
2.7313428510699356,0.0,0.9992169146436961,1.0,0.0,1.0,1.0,0.0,0.0,0.99609375,1.0,1.0
2.738275193331534,0.0,0.9992169146436961,1.0,0.0,1.0,1.0,0.0,0.0,0.99609375,1.0,1.0
2.745207535593133,0.0,0.9992169146436961,1.0,0.0,1.0,1.0,0.0,0.0,0.99609375,1.0,1.0
2.7521398778547317,0.0,0.9992169146436961,1.0,0.0,1.0,1.0,0.0,0.0,0.99609375,1.0,1.0
2.7590722201163307,0.0,0.9992169146436961,1.0,0.0,1.0,1.0,0.0,0.0,0.99609375,1.0,1.0
2.7660045623779297,0.0,1.0,1.0,0.0,1.0,1.0,0.0,0.0,1.0,1.0,1.0
