tau,eps_steg,eps_alias,err_contradict,err_delete,err_paraphrase,err_resample,err_shuffle,err_translate,err_unrelated
0.0,1.0,0.0,0.0,0.0,1.0,0.0,1.0,1.0,0.0
0.005697069311500492,1.0,0.3,0.375,0.3229166666666667,1.0,0.0,1.0,1.0,0.0
0.011394138623000984,0.9583333333333334,0.4583333333333333,0.5729166666666666,0.5833333333333334,0.9583333333333334,0.0,0.9166666666666666,1.0,0.0
0.017091207934501477,0.8472222222222222,0.5333333333333333,0.6666666666666666,0.7083333333333334,0.7916666666666666,0.005208333333333333,0.75,1.0,0.0
0.022788277246001968,0.7083333333333334,0.575,0.71875,0.7291666666666666,0.5416666666666666,0.09375,0.5833333333333334,1.0,0.0
0.02848534655750246,0.625,0.5833333333333334,0.7291666666666666,0.8020833333333334,0.5,0.21875,0.4166666666666667,0.9583333333333334,0.0
0.034182415869002954,0.5833333333333334,0.6416666666666667,0.8020833333333334,0.8229166666666666,0.5,0.4010416666666667,0.2916666666666667,0.9583333333333334,0.0
0.039879485180503445,0.5694444444444444,0.6666666666666666,0.8333333333333334,0.8645833333333334,0.5,0.5,0.25,0.9583333333333334,0.0
0.045576554492003936,0.5138888888888888,0.675,0.84375,0.8645833333333334,0.4583333333333333,0.609375,0.20833333333333334,0.875,0.0
0.05127362380350443,0.5,0.6833333333333333,0.8541666666666666,0.8854166666666666,0.4166666666666667,0.6770833333333334,0.20833333333333334,0.875,0.0
0.05697069311500492,0.4861111111111111,0.7,0.875,0.8958333333333334,0.4166666666666667,0.7864583333333334,0.16666666666666666,0.875,0.0
0.06266776242650542,0.4722222222222222,0.7,0.875,0.8958333333333334,0.375,0.859375,0.16666666666666666,0.875,0.0
0.06836483173800591,0.4583333333333333,0.7,0.875,0.90625,0.375,0.9010416666666666,0.16666666666666666,0.8333333333333334,0.0
0.0740619010495064,0.4444444444444444,0.7,0.875,0.90625,0.3333333333333333,0.9375,0.16666666666666666,0.8333333333333334,0.0
0.07975897036100689,0.4305555555555556,0.7083333333333334,0.8854166666666666,0.9166666666666666,0.3333333333333333,0.9479166666666666,0.16666666666666666,0.7916666666666666,0.0
0.08545603967250738,0.4305555555555556,0.7166666666666667,0.8958333333333334,0.9166666666666666,0.3333333333333333,0.9583333333333334,0.16666666666666666,0.7916666666666666,0.0
0.09115310898400787,0.4027777777777778,0.7333333333333333,0.9166666666666666,0.9166666666666666,0.2916666666666667,0.9635416666666666,0.16666666666666666,0.75,0.0
0.09685017829550836,0.375,0.7333333333333333,0.9166666666666666,0.9166666666666666,0.2916666666666667,0.96875,0.125,0.7083333333333334,0.0
0.10254724760700885,0.3611111111111111,0.7416666666666667,0.9270833333333334,0.9166666666666666,0.2916666666666667,0.9739583333333334,0.125,0.6666666666666666,0.0
0.10824431691850935,0.3333333333333333,0.7416666666666667,0.9270833333333334,0.9166666666666666,0.2916666666666667,0.9791666666666666,0.08333333333333333,0.625,0.0
0.11394138623000984,0.3333333333333333,0.7416666666666667,0.9270833333333334,0.9166666666666666,0.2916666666666667,0.9791666666666666,0.08333333333333333,0.625,0.0
0.11963845554151033,0.3055555555555556,0.7416666666666667,0.9270833333333334,0.9166666666666666,0.25,0.9791666666666666,0.08333333333333333,0.5833333333333334,0.0
0.12533552485301083,0.2916666666666667,0.7416666666666667,0.9270833333333334,0.9270833333333334,0.25,0.984375,0.041666666666666664,0.5833333333333334,0.0
0.13103259416451132,0.2777777777777778,0.7416666666666667,0.9270833333333334,0.9270833333333334,0.25,0.984375,0.041666666666666664,0.5416666666666666,0.0
0.13672966347601181,0.2638888888888889,0.7416666666666667,0.9270833333333334,0.9270833333333334,0.25,0.9895833333333334,0.041666666666666664,0.5,0.0
0.1424267327875123,0.2361111111111111,0.7416666666666667,0.9270833333333334,0.9270833333333334,0.25,0.9895833333333334,0.041666666666666664,0.4166666666666667,0.0
0.1481238020990128,0.2361111111111111,0.7416666666666667,0.9270833333333334,0.9270833333333334,0.25,0.9895833333333334,0.041666666666666664,0.4166666666666667,0.0
0.1538208714105133,0.20833333333333334,0.7416666666666667,0.9270833333333334,0.9270833333333334,0.25,0.9947916666666666,0.041666666666666664,0.3333333333333333,0.0
0.15951794072201378,0.20833333333333334,0.7416666666666667,0.9270833333333334,0.9270833333333334,0.25,0.9947916666666666,0.041666666666666664,0.3333333333333333,0.0
0.16521501003351427,0.19444444444444445,0.7416666666666667,0.9270833333333334,0.9270833333333334,0.25,0.9947916666666666,0.041666666666666664,0.2916666666666667,0.0
0.17091207934501476,0.18055555555555555,0.7416666666666667,0.9270833333333334,0.9270833333333334,0.25,0.9947916666666666,0.041666666666666664,0.25,0.0
0.17660914865651525,0.18055555555555555,0.7416666666666667,0.9270833333333334,0.9375,0.25,0.9947916666666666,0.041666666666666664,0.25,0.0
0.18230621796801574,0.18055555555555555,0.7416666666666667,0.9270833333333334,0.9375,0.25,0.9947916666666666,0.041666666666666664,0.25,0.0
0.18800328727951623,0.18055555555555555,0.7416666666666667,0.9270833333333334,0.9375,0.25,0.9947916666666666,0.041666666666666664,0.25,0.0
0.19370035659101673,0.18055555555555555,0.7416666666666667,0.9270833333333334,0.9375,0.25,1.0,0.041666666666666664,0.25,0.0
0.19939742590251722,0.16666666666666666,0.7416666666666667,0.9270833333333334,0.9375,0.20833333333333334,1.0,0.041666666666666664,0.25,0.0
0.2050944952140177,0.16666666666666666,0.75,0.9375,0.9375,0.20833333333333334,1.0,0.041666666666666664,0.25,0.0
0.2107915645255182,0.16666666666666666,0.75,0.9375,0.9375,0.20833333333333334,1.0,0.041666666666666664,0.25,0.0
0.2164886338370187,0.16666666666666666,0.75,0.9375,0.9375,0.20833333333333334,1.0,0.041666666666666664,0.25,0.0
0.22218570314851918,0.1527777777777778,0.75,0.9375,0.9375,0.20833333333333334,1.0,0.041666666666666664,0.20833333333333334,0.0
0.22788277246001967,0.1388888888888889,0.75,0.9375,0.9479166666666666,0.20833333333333334,1.0,0.041666666666666664,0.16666666666666666,0.0
0.23357984177152016,0.1111111111111111,0.75,0.9375,0.9479166666666666,0.20833333333333334,1.0,0.041666666666666664,0.08333333333333333,0.0
0.23927691108302065,0.1111111111111111,0.75,0.9375,0.9479166666666666,0.20833333333333334,1.0,0.041666666666666664,0.08333333333333333,0.0
0.24497398039452115,0.1111111111111111,0.75,0.9375,0.9479166666666666,0.20833333333333334,1.0,0.041666666666666664,0.08333333333333333,0.0
0.25067104970602166,0.09722222222222222,0.75,0.9375,0.9479166666666666,0.20833333333333334,1.0,0.041666666666666664,0.041666666666666664,0.0
0.25636811901752216,0.09722222222222222,0.75,0.9375,0.9479166666666666,0.20833333333333334,1.0,0.041666666666666664,0.041666666666666664,0.0
0.26206518832902265,0.09722222222222222,0.75,0.9375,0.9479166666666666,0.20833333333333334,1.0,0.041666666666666664,0.041666666666666664,0.0
0.26776225764052314,0.09722222222222222,0.75,0.9375,0.96875,0.20833333333333334,1.0,0.041666666666666664,0.041666666666666664,0.0
0.27345932695202363,0.09722222222222222,0.75,0.9375,0.96875,0.20833333333333334,1.0,0.041666666666666664,0.041666666666666664,0.0
0.2791563962635241,0.09722222222222222,0.75,0.9375,0.96875,0.20833333333333334,1.0,0.041666666666666664,0.041666666666666664,0.0
0.2848534655750246,0.09722222222222222,0.75,0.9375,0.9895833333333334,0.20833333333333334,1.0,0.041666666666666664,0.041666666666666664,0.0
0.2905505348865251,0.08333333333333333,0.75,0.9375,0.9895833333333334,0.20833333333333334,1.0,0.041666666666666664,0.0,0.0
0.2962476041980256,0.08333333333333333,0.75,0.9375,0.9895833333333334,0.20833333333333334,1.0,0.041666666666666664,0.0,0.0
0.3019446735095261,0.08333333333333333,0.75,0.9375,0.9895833333333334,0.20833333333333334,1.0,0.041666666666666664,0.0,0.0
0.3076417428210266,0.08333333333333333,0.75,0.9375,0.9895833333333334,0.20833333333333334,1.0,0.041666666666666664,0.0,0.0
0.31333881213252707,0.08333333333333333,0.75,0.9375,0.9895833333333334,0.20833333333333334,1.0,0.041666666666666664,0.0,0.0
0.31903588144402756,0.08333333333333333,0.75,0.9375,0.9895833333333334,0.20833333333333334,1.0,0.041666666666666664,0.0,0.0
0.32473295075552805,0.08333333333333333,0.75,0.9375,0.9895833333333334,0.20833333333333334,1.0,0.041666666666666664,0.0,0.0
0.33043002006702854,0.08333333333333333,0.75,0.9375,0.9895833333333334,0.20833333333333334,1.0,0.041666666666666664,0.0,0.0
0.33612708937852903,0.08333333333333333,0.75,0.9375,0.9895833333333334,0.20833333333333334,1.0,0.041666666666666664,0.0,0.0
0.3418241586900295,0.08333333333333333,0.75,0.9375,0.9895833333333334,0.20833333333333334,1.0,0.041666666666666664,0.0,0.0
0.34752122800153,0.08333333333333333,0.75,0.9375,0.9895833333333334,0.20833333333333334,1.0,0.041666666666666664,0.0,0.0
0.3532182973130305,0.08333333333333333,0.75,0.9375,0.9895833333333334,0.20833333333333334,1.0,0.041666666666666664,0.0,0.0
0.358915366624531,0.08333333333333333,0.75,0.9375,0.9895833333333334,0.20833333333333334,1.0,0.041666666666666664,0.0,0.0
0.3646124359360315,0.08333333333333333,0.75,0.9375,0.9895833333333334,0.20833333333333334,1.0,0.041666666666666664,0.0,0.0
0.370309505247532,0.08333333333333333,0.75,0.9375,0.9895833333333334,0.20833333333333334,1.0,0.041666666666666664,0.0,0.0
0.37600657455903247,0.08333333333333333,0.75,0.9375,0.9895833333333334,0.20833333333333334,1.0,0.041666666666666664,0.0,0.0
0.38170364387053296,0.08333333333333333,0.75,0.9375,0.9895833333333334,0.20833333333333334,1.0,0.041666666666666664,0.0,0.0
0.38740071318203345,0.08333333333333333,0.75,0.9375,0.9895833333333334,0.20833333333333334,1.0,0.041666666666666664,0.0,0.0
0.39309778249353394,0.08333333333333333,0.75,0.9375,0.9895833333333334,0.20833333333333334,1.0,0.041666666666666664,0.0,0.0
0.39879485180503443,0.08333333333333333,0.75,0.9375,0.9895833333333334,0.20833333333333334,1.0,0.041666666666666664,0.0,0.0
0.4044919211165349,0.08333333333333333,0.75,0.9375,0.9895833333333334,0.20833333333333334,1.0,0.041666666666666664,0.0,0.0
0.4101889904280354,0.08333333333333333,0.75,0.9375,0.9895833333333334,0.20833333333333334,1.0,0.041666666666666664,0.0,0.0
0.4158860597395359,0.08333333333333333,0.75,0.9375,0.9895833333333334,0.20833333333333334,1.0,0.041666666666666664,0.0,0.0
0.4215831290510364,0.08333333333333333,0.75,0.9375,0.9895833333333334,0.20833333333333334,1.0,0.041666666666666664,0.0,0.0
0.4272801983625369,0.08333333333333333,0.7583333333333333,0.9479166666666666,0.9895833333333334,0.20833333333333334,1.0,0.041666666666666664,0.0,0.0
0.4329772676740374,0.08333333333333333,0.7583333333333333,0.9479166666666666,0.9895833333333334,0.20833333333333334,1.0,0.041666666666666664,0.0,0.0
0.43867433698553787,0.08333333333333333,0.7583333333333333,0.9479166666666666,0.9895833333333334,0.20833333333333334,1.0,0.041666666666666664,0.0,0.0
0.44437140629703836,0.06944444444444445,0.7583333333333333,0.9479166666666666,0.9895833333333334,0.16666666666666666,1.0,0.041666666666666664,0.0,0.0
0.45006847560853885,0.06944444444444445,0.7583333333333333,0.9479166666666666,0.9895833333333334,0.16666666666666666,1.0,0.041666666666666664,0.0,0.0
0.45576554492003934,0.06944444444444445,0.7583333333333333,0.9479166666666666,0.9895833333333334,0.16666666666666666,1.0,0.041666666666666664,0.0,0.0
0.46146261423153984,0.06944444444444445,0.7583333333333333,0.9479166666666666,0.9895833333333334,0.16666666666666666,1.0,0.041666666666666664,0.0,0.0
0.4671596835430403,0.06944444444444445,0.7583333333333333,0.9479166666666666,0.9895833333333334,0.16666666666666666,1.0,0.041666666666666664,0.0,0.0
0.4728567528545408,0.06944444444444445,0.7583333333333333,0.9479166666666666,0.9895833333333334,0.16666666666666666,1.0,0.041666666666666664,0.0,0.0
0.4785538221660413,0.06944444444444445,0.7583333333333333,0.9479166666666666,0.9895833333333334,0.16666666666666666,1.0,0.041666666666666664,0.0,0.0
0.4842508914775418,0.06944444444444445,0.7583333333333333,0.9479166666666666,0.9895833333333334,0.16666666666666666,1.0,0.041666666666666664,0.0,0.0
0.4899479607890423,0.06944444444444445,0.7583333333333333,0.9479166666666666,0.9895833333333334,0.16666666666666666,1.0,0.041666666666666664,0.0,0.0
0.4956450301005428,0.06944444444444445,0.7583333333333333,0.9479166666666666,0.9895833333333334,0.16666666666666666,1.0,0.041666666666666664,0.0,0.0
0.5013420994120433,0.06944444444444445,0.7583333333333333,0.9479166666666666,0.9895833333333334,0.16666666666666666,1.0,0.041666666666666664,0.0,0.0
0.5070391687235438,0.06944444444444445,0.7583333333333333,0.9479166666666666,0.9895833333333334,0.16666666666666666,1.0,0.041666666666666664,0.0,0.0
0.5127362380350443,0.06944444444444445,0.7666666666666667,0.9583333333333334,0.9895833333333334,0.16666666666666666,1.0,0.041666666666666664,0.0,0.0
0.5184333073465448,0.06944444444444445,0.7666666666666667,0.9583333333333334,0.9895833333333334,0.16666666666666666,1.0,0.041666666666666664,0.0,0.0
0.5241303766580453,0.06944444444444445,0.7666666666666667,0.9583333333333334,0.9895833333333334,0.16666666666666666,1.0,0.041666666666666664,0.0,0.0
0.5298274459695458,0.06944444444444445,0.7666666666666667,0.9583333333333334,0.9895833333333334,0.16666666666666666,1.0,0.041666666666666664,0.0,0.0
0.5355245152810463,0.06944444444444445,0.7666666666666667,0.9583333333333334,0.9895833333333334,0.16666666666666666,1.0,0.041666666666666664,0.0,0.0
0.5412215845925468,0.06944444444444445,0.7666666666666667,0.9583333333333334,0.9895833333333334,0.16666666666666666,1.0,0.041666666666666664,0.0,0.0
0.5469186539040473,0.06944444444444445,0.7666666666666667,0.9583333333333334,0.9895833333333334,0.16666666666666666,1.0,0.041666666666666664,0.0,0.0
0.5526157232155477,0.05555555555555555,0.7666666666666667,0.9583333333333334,0.9895833333333334,0.125,1.0,0.041666666666666664,0.0,0.0
0.5583127925270482,0.041666666666666664,0.7666666666666667,0.9583333333333334,0.9895833333333334,0.08333333333333333,1.0,0.041666666666666664,0.0,0.0
0.5640098618385487,0.041666666666666664,0.7666666666666667,0.9583333333333334,0.9895833333333334,0.08333333333333333,1.0,0.041666666666666664,0.0,0.0
0.5697069311500492,0.041666666666666664,0.7666666666666667,0.9583333333333334,0.9895833333333334,0.08333333333333333,1.0,0.041666666666666664,0.0,0.0
0.5754040004615497,0.041666666666666664,0.7666666666666667,0.9583333333333334,0.9895833333333334,0.08333333333333333,1.0,0.041666666666666664,0.0,0.0
0.5811010697730502,0.041666666666666664,0.7666666666666667,0.9583333333333334,0.9895833333333334,0.08333333333333333,1.0,0.041666666666666664,0.0,0.0
0.5867981390845507,0.041666666666666664,0.7666666666666667,0.9583333333333334,0.9895833333333334,0.08333333333333333,1.0,0.041666666666666664,0.0,0.0
0.5924952083960512,0.041666666666666664,0.7666666666666667,0.9583333333333334,0.9895833333333334,0.08333333333333333,1.0,0.041666666666666664,0.0,0.0
0.5981922777075517,0.041666666666666664,0.7666666666666667,0.9583333333333334,0.9895833333333334,0.08333333333333333,1.0,0.041666666666666664,0.0,0.0
0.6038893470190522,0.041666666666666664,0.7666666666666667,0.9583333333333334,0.9895833333333334,0.08333333333333333,1.0,0.041666666666666664,0.0,0.0
0.6095864163305527,0.041666666666666664,0.775,0.96875,0.9895833333333334,0.08333333333333333,1.0,0.041666666666666664,0.0,0.0
0.6152834856420532,0.041666666666666664,0.775,0.96875,0.9895833333333334,0.08333333333333333,1.0,0.041666666666666664,0.0,0.0
0.6209805549535536,0.041666666666666664,0.775,0.96875,0.9895833333333334,0.08333333333333333,1.0,0.041666666666666664,0.0,0.0
0.6266776242650541,0.041666666666666664,0.7833333333333333,0.9791666666666666,0.9895833333333334,0.08333333333333333,1.0,0.041666666666666664,0.0,0.0
0.6323746935765546,0.041666666666666664,0.7833333333333333,0.9791666666666666,0.9895833333333334,0.08333333333333333,1.0,0.041666666666666664,0.0,0.0
0.6380717628880551,0.041666666666666664,0.7833333333333333,0.9791666666666666,0.9895833333333334,0.08333333333333333,1.0,0.041666666666666664,0.0,0.0
0.6437688321995556,0.041666666666666664,0.7833333333333333,0.9791666666666666,0.9895833333333334,0.08333333333333333,1.0,0.041666666666666664,0.0,0.0
0.6494659015110561,0.041666666666666664,0.7833333333333333,0.9791666666666666,0.9895833333333334,0.08333333333333333,1.0,0.041666666666666664,0.0,0.0
0.6551629708225566,0.041666666666666664,0.7833333333333333,0.9791666666666666,0.9895833333333334,0.08333333333333333,1.0,0.041666666666666664,0.0,0.0
0.6608600401340571,0.041666666666666664,0.7833333333333333,0.9791666666666666,0.9895833333333334,0.08333333333333333,1.0,0.041666666666666664,0.0,0.0
0.6665571094455576,0.041666666666666664,0.7833333333333333,0.9791666666666666,0.9895833333333334,0.08333333333333333,1.0,0.041666666666666664,0.0,0.0
0.6722541787570581,0.041666666666666664,0.7833333333333333,0.9791666666666666,0.9895833333333334,0.08333333333333333,1.0,0.041666666666666664,0.0,0.0
0.6779512480685586,0.041666666666666664,0.7833333333333333,0.9791666666666666,0.9895833333333334,0.08333333333333333,1.0,0.041666666666666664,0.0,0.0
0.683648317380059,0.041666666666666664,0.7833333333333333,0.9791666666666666,0.9895833333333334,0.08333333333333333,1.0,0.041666666666666664,0.0,0.0
0.6893453866915595,0.041666666666666664,0.7833333333333333,0.9791666666666666,0.9895833333333334,0.08333333333333333,1.0,0.041666666666666664,0.0,0.0
0.69504245600306,0.041666666666666664,0.7833333333333333,0.9791666666666666,0.9895833333333334,0.08333333333333333,1.0,0.041666666666666664,0.0,0.0
0.7007395253145605,0.041666666666666664,0.7833333333333333,0.9791666666666666,0.9895833333333334,0.08333333333333333,1.0,0.041666666666666664,0.0,0.0
0.706436594626061,0.041666666666666664,0.7833333333333333,0.9791666666666666,0.9895833333333334,0.08333333333333333,1.0,0.041666666666666664,0.0,0.0
0.7121336639375615,0.041666666666666664,0.7833333333333333,0.9791666666666666,0.9895833333333334,0.08333333333333333,1.0,0.041666666666666664,0.0,0.0
0.717830733249062,0.041666666666666664,0.7833333333333333,0.9791666666666666,0.9895833333333334,0.08333333333333333,1.0,0.041666666666666664,0.0,0.0
0.7235278025605625,0.027777777777777776,0.7916666666666666,0.9895833333333334,0.9895833333333334,0.041666666666666664,1.0,0.041666666666666664,0.0,0.0
0.729224871872063,0.027777777777777776,0.7916666666666666,0.9895833333333334,0.9895833333333334,0.041666666666666664,1.0,0.041666666666666664,0.0,0.0
0.7349219411835635,0.027777777777777776,0.7916666666666666,0.9895833333333334,0.9895833333333334,0.041666666666666664,1.0,0.041666666666666664,0.0,0.0
0.740619010495064,0.027777777777777776,0.7916666666666666,0.9895833333333334,0.9895833333333334,0.041666666666666664,1.0,0.041666666666666664,0.0,0.0
0.7463160798065644,0.013888888888888888,0.7916666666666666,0.9895833333333334,0.9895833333333334,0.0,1.0,0.041666666666666664,0.0,0.0
0.7520131491180649,0.013888888888888888,0.7916666666666666,0.9895833333333334,0.9895833333333334,0.0,1.0,0.041666666666666664,0.0,0.0
0.7577102184295654,0.013888888888888888,0.7916666666666666,0.9895833333333334,0.9895833333333334,0.0,1.0,0.041666666666666664,0.0,0.0
0.7634072877410659,0.013888888888888888,0.7916666666666666,0.9895833333333334,0.9895833333333334,0.0,1.0,0.041666666666666664,0.0,0.0
0.7691043570525664,0.013888888888888888,0.7916666666666666,0.9895833333333334,0.9895833333333334,0.0,1.0,0.041666666666666664,0.0,0.0
0.7748014263640669,0.013888888888888888,0.7916666666666666,0.9895833333333334,0.9895833333333334,0.0,1.0,0.041666666666666664,0.0,0.0
0.7804984956755674,0.013888888888888888,0.7916666666666666,0.9895833333333334,0.9895833333333334,0.0,1.0,0.041666666666666664,0.0,0.0
0.7861955649870679,0.013888888888888888,0.7916666666666666,0.9895833333333334,0.9895833333333334,0.0,1.0,0.041666666666666664,0.0,0.0
0.7918926342985684,0.013888888888888888,0.7916666666666666,0.9895833333333334,0.9895833333333334,0.0,1.0,0.041666666666666664,0.0,0.0
0.7975897036100689,0.013888888888888888,0.7916666666666666,0.9895833333333334,0.9895833333333334,0.0,1.0,0.041666666666666664,0.0,0.0
0.8032867729215694,0.013888888888888888,0.7916666666666666,0.9895833333333334,0.9895833333333334,0.0,1.0,0.041666666666666664,0.0,0.0
0.8089838422330698,0.013888888888888888,0.7916666666666666,0.9895833333333334,0.9895833333333334,0.0,1.0,0.041666666666666664,0.0,0.0
0.8146809115445703,0.013888888888888888,0.7916666666666666,0.9895833333333334,0.9895833333333334,0.0,1.0,0.041666666666666664,0.0,0.0
0.8203779808560708,0.013888888888888888,0.7916666666666666,0.9895833333333334,0.9895833333333334,0.0,1.0,0.041666666666666664,0.0,0.0
0.8260750501675713,0.013888888888888888,0.7916666666666666,0.9895833333333334,0.9895833333333334,0.0,1.0,0.041666666666666664,0.0,0.0
0.8317721194790718,0.013888888888888888,0.7916666666666666,0.9895833333333334,0.9895833333333334,0.0,1.0,0.041666666666666664,0.0,0.0
0.8374691887905723,0.013888888888888888,0.7916666666666666,0.9895833333333334,0.9895833333333334,0.0,1.0,0.041666666666666664,0.0,0.0
0.8431662581020728,0.013888888888888888,0.7916666666666666,0.9895833333333334,0.9895833333333334,0.0,1.0,0.041666666666666664,0.0,0.0
0.8488633274135733,0.013888888888888888,0.7916666666666666,0.9895833333333334,0.9895833333333334,0.0,1.0,0.041666666666666664,0.0,0.0
0.8545603967250738,0.013888888888888888,0.7916666666666666,0.9895833333333334,0.9895833333333334,0.0,1.0,0.041666666666666664,0.0,0.0
0.8602574660365743,0.013888888888888888,0.7916666666666666,0.9895833333333334,0.9895833333333334,0.0,1.0,0.041666666666666664,0.0,0.0
0.8659545353480748,0.013888888888888888,0.7916666666666666,0.9895833333333334,0.9895833333333334,0.0,1.0,0.041666666666666664,0.0,0.0
0.8716516046595753,0.013888888888888888,0.7916666666666666,0.9895833333333334,0.9895833333333334,0.0,1.0,0.041666666666666664,0.0,0.0
0.8773486739710757,0.013888888888888888,0.7916666666666666,0.9895833333333334,0.9895833333333334,0.0,1.0,0.041666666666666664,0.0,0.0
0.8830457432825762,0.013888888888888888,0.7916666666666666,0.9895833333333334,0.9895833333333334,0.0,1.0,0.041666666666666664,0.0,0.0
0.8887428125940767,0.013888888888888888,0.7916666666666666,0.9895833333333334,0.9895833333333334,0.0,1.0,0.041666666666666664,0.0,0.0
0.8944398819055772,0.013888888888888888,0.7916666666666666,0.9895833333333334,0.9895833333333334,0.0,1.0,0.041666666666666664,0.0,0.0
0.9001369512170777,0.013888888888888888,0.7916666666666666,0.9895833333333334,0.9895833333333334,0.0,1.0,0.041666666666666664,0.0,0.0
0.9058340205285782,0.013888888888888888,0.7916666666666666,0.9895833333333334,0.9895833333333334,0.0,1.0,0.041666666666666664,0.0,0.0
0.9115310898400787,0.013888888888888888,0.7916666666666666,0.9895833333333334,0.9895833333333334,0.0,1.0,0.041666666666666664,0.0,0.0
0.9172281591515792,0.013888888888888888,0.7916666666666666,0.9895833333333334,0.9895833333333334,0.0,1.0,0.041666666666666664,0.0,0.0
0.9229252284630797,0.013888888888888888,0.7916666666666666,0.9895833333333334,0.9895833333333334,0.0,1.0,0.041666666666666664,0.0,0.0
0.9286222977745802,0.013888888888888888,0.7916666666666666,0.9895833333333334,0.9895833333333334,0.0,1.0,0.041666666666666664,0.0,0.0
0.9343193670860807,0.013888888888888888,0.7916666666666666,0.9895833333333334,0.9895833333333334,0.0,1.0,0.041666666666666664,0.0,0.0
0.9400164363975811,0.013888888888888888,0.7916666666666666,0.9895833333333334,0.9895833333333334,0.0,1.0,0.041666666666666664,0.0,0.0
0.9457135057090816,0.013888888888888888,0.7916666666666666,0.9895833333333334,0.9895833333333334,0.0,1.0,0.041666666666666664,0.0,0.0
0.9514105750205821,0.013888888888888888,0.7916666666666666,0.9895833333333334,0.9895833333333334,0.0,1.0,0.041666666666666664,0.0,0.0
0.9571076443320826,0.013888888888888888,0.7916666666666666,0.9895833333333334,0.9895833333333334,0.0,1.0,0.041666666666666664,0.0,0.0
0.9628047136435831,0.013888888888888888,0.7916666666666666,0.9895833333333334,0.9895833333333334,0.0,1.0,0.041666666666666664,0.0,0.0
0.9685017829550836,0.013888888888888888,0.7916666666666666,0.9895833333333334,0.9895833333333334,0.0,1.0,0.041666666666666664,0.0,0.0
0.9741988522665841,0.013888888888888888,0.7916666666666666,0.9895833333333334,0.9895833333333334,0.0,1.0,0.041666666666666664,0.0,0.0
0.9798959215780846,0.013888888888888888,0.7916666666666666,0.9895833333333334,0.9895833333333334,0.0,1.0,0.041666666666666664,0.0,0.0
0.9855929908895851,0.013888888888888888,0.7916666666666666,0.9895833333333334,0.9895833333333334,0.0,1.0,0.041666666666666664,0.0,0.0
0.9912900602010856,0.013888888888888888,0.7916666666666666,0.9895833333333334,1.0,0.0,1.0,0.041666666666666664,0.0,0.0
0.9969871295125861,0.013888888888888888,0.7916666666666666,0.9895833333333334,1.0,0.0,1.0,0.041666666666666664,0.0,0.0
1.0026841988240867,0.013888888888888888,0.7916666666666666,0.9895833333333334,1.0,0.0,1.0,0.041666666666666664,0.0,0.0
1.008381268135587,0.013888888888888888,0.7916666666666666,0.9895833333333334,1.0,0.0,1.0,0.041666666666666664,0.0,0.0
1.0140783374470876,0.013888888888888888,0.7916666666666666,0.9895833333333334,1.0,0.0,1.0,0.041666666666666664,0.0,0.0
1.019775406758588,0.013888888888888888,0.7916666666666666,0.9895833333333334,1.0,0.0,1.0,0.041666666666666664,0.0,0.0
1.0254724760700886,0.013888888888888888,0.7916666666666666,0.9895833333333334,1.0,0.0,1.0,0.041666666666666664,0.0,0.0
1.031169545381589,0.013888888888888888,0.7916666666666666,0.9895833333333334,1.0,0.0,1.0,0.041666666666666664,0.0,0.0
1.0368666146930896,0.013888888888888888,0.7916666666666666,0.9895833333333334,1.0,0.0,1.0,0.041666666666666664,0.0,0.0
1.04256368400459,0.0,0.7916666666666666,0.9895833333333334,1.0,0.0,1.0,0.0,0.0,0.0
1.0482607533160906,0.0,0.7916666666666666,0.9895833333333334,1.0,0.0,1.0,0.0,0.0,0.0
1.053957822627591,0.0,0.8,1.0,1.0,0.0,1.0,0.0,0.0,0.0
1.0596548919390916,0.0,0.8,1.0,1.0,0.0,1.0,0.0,0.0,0.0
1.065351961250592,0.0,0.8,1.0,1.0,0.0,1.0,0.0,0.0,0.0
1.0710490305620926,0.0,0.8,1.0,1.0,0.0,1.0,0.0,0.0,0.0
1.076746099873593,0.0,0.8,1.0,1.0,0.0,1.0,0.0,0.0,0.0
1.0824431691850935,0.0,0.8,1.0,1.0,0.0,1.0,0.0,0.0,0.0
1.088140238496594,0.0,0.8,1.0,1.0,0.0,1.0,0.0,0.0,0.0
1.0938373078080945,0.0,0.8,1.0,1.0,0.0,1.0,0.0,0.0,0.0
1.099534377119595,0.0,0.8,1.0,1.0,0.0,1.0,0.0,0.0,0.0
1.1052314464310955,0.0,0.8,1.0,1.0,0.0,1.0,0.0,0.0,0.0
1.1109285157425959,0.0,0.8,1.0,1.0,0.0,1.0,0.0,0.0,0.0
1.1166255850540965,0.0,0.8,1.0,1.0,0.0,1.0,0.0,0.0,0.0
1.1223226543655969,0.0,0.8,1.0,1.0,0.0,1.0,0.0,0.0,0.0
1.1280197236770975,0.0,0.8,1.0,1.0,0.0,1.0,0.0,0.0,0.0
1.1337167929885978,0.0,0.8,1.0,1.0,0.0,1.0,0.0,0.0,0.0
1.1394138623000984,0.0,0.8,1.0,1.0,0.0,1.0,0.0,0.0,0.0
1.1451109316115988,0.0,0.8,1.0,1.0,0.0,1.0,0.0,0.0,0.0
1.1508080009230994,0.0,0.8,1.0,1.0,0.0,1.0,0.0,0.0,0.0
1.1565050702345998,0.0,0.8,1.0,1.0,0.0,1.0,0.0,0.0,0.0
1.1622021395461004,0.0,0.8,1.0,1.0,0.0,1.0,0.0,0.0,0.0
1.1678992088576008,0.0,0.8,1.0,1.0,0.0,1.0,0.0,0.0,0.0
1.1735962781691014,0.0,0.8,1.0,1.0,0.0,1.0,0.0,0.0,0.0
1.1792933474806018,0.0,0.8,1.0,1.0,0.0,1.0,0.0,0.0,0.0
1.1849904167921024,0.0,0.8,1.0,1.0,0.0,1.0,0.0,0.0,0.0
1.1906874861036028,0.0,0.8,1.0,1.0,0.0,1.0,0.0,0.0,0.0
1.1963845554151034,0.0,0.8,1.0,1.0,0.0,1.0,0.0,0.0,0.0
1.2020816247266037,0.0,0.8,1.0,1.0,0.0,1.0,0.0,0.0,0.0
1.2077786940381043,0.0,0.8,1.0,1.0,0.0,1.0,0.0,0.0,0.0
1.2134757633496047,0.0,0.8,1.0,1.0,0.0,1.0,0.0,0.0,0.0
1.2191728326611053,0.0,0.8,1.0,1.0,0.0,1.0,0.0,0.0,0.0
1.2248699019726057,0.0,0.8,1.0,1.0,0.0,1.0,0.0,0.0,0.0
1.2305669712841063,0.0,0.8,1.0,1.0,0.0,1.0,0.0,0.0,0.0
1.2362640405956067,0.0,0.8,1.0,1.0,0.0,1.0,0.0,0.0,0.0
1.2419611099071073,0.0,0.8,1.0,1.0,0.0,1.0,0.0,0.0,0.0
1.2476581792186077,0.0,0.8,1.0,1.0,0.0,1.0,0.0,0.0,0.0
1.2533552485301083,0.0,0.8,1.0,1.0,0.0,1.0,0.0,0.0,0.0
1.2590523178416086,0.0,0.8,1.0,1.0,0.0,1.0,0.0,0.0,0.0
1.2647493871531093,0.0,0.8,1.0,1.0,0.0,1.0,0.0,0.0,0.0
1.2704464564646096,0.0,0.8,1.0,1.0,0.0,1.0,0.0,0.0,0.0
1.2761435257761102,0.0,0.8,1.0,1.0,0.0,1.0,0.0,0.0,0.0
1.2818405950876106,0.0,0.8,1.0,1.0,0.0,1.0,0.0,0.0,0.0
1.2875376643991112,0.0,0.8,1.0,1.0,0.0,1.0,0.0,0.0,0.0
1.2932347337106116,0.0,0.8,1.0,1.0,0.0,1.0,0.0,0.0,0.0
1.2989318030221122,0.0,0.8,1.0,1.0,0.0,1.0,0.0,0.0,0.0
1.3046288723336126,0.0,0.8,1.0,1.0,0.0,1.0,0.0,0.0,0.0
1.3103259416451132,0.0,0.8,1.0,1.0,0.0,1.0,0.0,0.0,0.0
1.3160230109566136,0.0,0.8,1.0,1.0,0.0,1.0,0.0,0.0,0.0
1.3217200802681142,0.0,0.8,1.0,1.0,0.0,1.0,0.0,0.0,0.0
1.3274171495796145,0.0,0.8,1.0,1.0,0.0,1.0,0.0,0.0,0.0
1.3331142188911151,0.0,0.8,1.0,1.0,0.0,1.0,0.0,0.0,0.0
1.3388112882026155,0.0,0.8,1.0,1.0,0.0,1.0,0.0,0.0,0.0
1.3445083575141161,0.0,0.8,1.0,1.0,0.0,1.0,0.0,0.0,0.0
1.3502054268256165,0.0,0.8,1.0,1.0,0.0,1.0,0.0,0.0,0.0
1.355902496137117,0.0,0.8,1.0,1.0,0.0,1.0,0.0,0.0,0.0
1.3615995654486175,0.0,0.8,1.0,1.0,0.0,1.0,0.0,0.0,0.0
1.367296634760118,0.0,0.8,1.0,1.0,0.0,1.0,0.0,0.0,0.0
1.3729937040716185,0.0,0.8,1.0,1.0,0.0,1.0,0.0,0.0,0.0
1.378690773383119,0.0,0.8,1.0,1.0,0.0,1.0,0.0,0.0,0.0
1.3843878426946195,0.0,0.8,1.0,1.0,0.0,1.0,0.0,0.0,0.0
1.39008491200612,0.0,0.8,1.0,1.0,0.0,1.0,0.0,0.0,0.0
1.3957819813176204,0.0,0.8,1.0,1.0,0.0,1.0,0.0,0.0,0.0
1.401479050629121,0.0,0.8,1.0,1.0,0.0,1.0,0.0,0.0,0.0
1.4071761199406214,0.0,0.8,1.0,1.0,0.0,1.0,0.0,0.0,0.0
1.412873189252122,0.0,0.8,1.0,1.0,0.0,1.0,0.0,0.0,0.0
1.4185702585636224,0.0,0.8,1.0,1.0,0.0,1.0,0.0,0.0,0.0
1.424267327875123,0.0,0.8,1.0,1.0,0.0,1.0,0.0,0.0,0.0
1.4299643971866234,0.0,0.8,1.0,1.0,0.0,1.0,0.0,0.0,0.0
1.435661466498124,0.0,0.8,1.0,1.0,0.0,1.0,0.0,0.0,0.0
1.4413585358096244,0.0,0.8,1.0,1.0,0.0,1.0,0.0,0.0,0.0
1.447055605121125,0.0,0.8,1.0,1.0,0.0,1.0,0.0,0.0,0.0
1.4527526744326253,0.0,0.8083333333333333,1.0,1.0,0.0,1.0,0.0,0.0,0.041666666666666664
1.458449743744126,0.0,0.8083333333333333,1.0,1.0,0.0,1.0,0.0,0.0,0.041666666666666664
1.4641468130556266,0.0,0.8083333333333333,1.0,1.0,0.0,1.0,0.0,0.0,0.041666666666666664
1.469843882367127,0.0,0.8083333333333333,1.0,1.0,0.0,1.0,0.0,0.0,0.041666666666666664
1.4755409516786275,0.0,0.8083333333333333,1.0,1.0,0.0,1.0,0.0,0.0,0.041666666666666664
1.481238020990128,0.0,0.8083333333333333,1.0,1.0,0.0,1.0,0.0,0.0,0.041666666666666664
1.4869350903016285,0.0,0.8083333333333333,1.0,1.0,0.0,1.0,0.0,0.0,0.041666666666666664
1.492632159613129,0.0,0.8083333333333333,1.0,1.0,0.0,1.0,0.0,0.0,0.041666666666666664
1.4983292289246295,0.0,0.8083333333333333,1.0,1.0,0.0,1.0,0.0,0.0,0.041666666666666664
1.5040262982361299,0.0,0.8083333333333333,1.0,1.0,0.0,1.0,0.0,0.0,0.041666666666666664
1.5097233675476305,0.0,0.8083333333333333,1.0,1.0,0.0,1.0,0.0,0.0,0.041666666666666664
1.5154204368591309,0.0,0.8166666666666667,1.0,1.0,0.0,1.0,0.0,0.0,0.08333333333333333
1.5211175061706315,0.0,0.8166666666666667,1.0,1.0,0.0,1.0,0.0,0.0,0.08333333333333333
1.5268145754821318,0.0,0.8166666666666667,1.0,1.0,0.0,1.0,0.0,0.0,0.08333333333333333
1.5325116447936324,0.0,0.8166666666666667,1.0,1.0,0.0,1.0,0.0,0.0,0.08333333333333333
1.5382087141051328,0.0,0.8166666666666667,1.0,1.0,0.0,1.0,0.0,0.0,0.08333333333333333
1.5439057834166334,0.0,0.825,1.0,1.0,0.0,1.0,0.0,0.0,0.125
1.5496028527281338,0.0,0.825,1.0,1.0,0.0,1.0,0.0,0.0,0.125
1.5552999220396344,0.0,0.8333333333333334,1.0,1.0,0.0,1.0,0.0,0.0,0.16666666666666666
1.5609969913511348,0.0,0.8333333333333334,1.0,1.0,0.0,1.0,0.0,0.0,0.16666666666666666
1.5666940606626354,0.0,0.8333333333333334,1.0,1.0,0.0,1.0,0.0,0.0,0.16666666666666666
1.5723911299741358,0.0,0.8333333333333334,1.0,1.0,0.0,1.0,0.0,0.0,0.16666666666666666
1.5780881992856364,0.0,0.8333333333333334,1.0,1.0,0.0,1.0,0.0,0.0,0.16666666666666666
1.5837852685971368,0.0,0.8416666666666667,1.0,1.0,0.0,1.0,0.0,0.0,0.20833333333333334
1.5894823379086374,0.0,0.8416666666666667,1.0,1.0,0.0,1.0,0.0,0.0,0.20833333333333334
1.5951794072201377,0.0,0.8416666666666667,1.0,1.0,0.0,1.0,0.0,0.0,0.20833333333333334
1.6008764765316383,0.0,0.8416666666666667,1.0,1.0,0.0,1.0,0.0,0.0,0.20833333333333334
1.6065735458431387,0.0,0.8416666666666667,1.0,1.0,0.0,1.0,0.0,0.0,0.20833333333333334
1.6122706151546393,0.0,0.8416666666666667,1.0,1.0,0.0,1.0,0.0,0.0,0.20833333333333334
1.6179676844661397,0.0,0.8416666666666667,1.0,1.0,0.0,1.0,0.0,0.0,0.20833333333333334
1.6236647537776403,0.0,0.8416666666666667,1.0,1.0,0.0,1.0,0.0,0.0,0.20833333333333334
1.6293618230891407,0.0,0.8416666666666667,1.0,1.0,0.0,1.0,0.0,0.0,0.20833333333333334
1.6350588924006413,0.0,0.85,1.0,1.0,0.0,1.0,0.0,0.0,0.25
1.6407559617121417,0.0,0.8583333333333333,1.0,1.0,0.0,1.0,0.0,0.0,0.2916666666666667
1.6464530310236423,0.0,0.8583333333333333,1.0,1.0,0.0,1.0,0.0,0.0,0.2916666666666667
1.6521501003351426,0.0,0.8583333333333333,1.0,1.0,0.0,1.0,0.0,0.0,0.2916666666666667
1.6578471696466432,0.0,0.8583333333333333,1.0,1.0,0.0,1.0,0.0,0.0,0.2916666666666667
1.6635442389581436,0.0,0.8583333333333333,1.0,1.0,0.0,1.0,0.0,0.0,0.2916666666666667
1.6692413082696442,0.0,0.8583333333333333,1.0,1.0,0.0,1.0,0.0,0.0,0.2916666666666667
1.6749383775811446,0.0,0.8583333333333333,1.0,1.0,0.0,1.0,0.0,0.0,0.2916666666666667
1.6806354468926452,0.0,0.8583333333333333,1.0,1.0,0.0,1.0,0.0,0.0,0.2916666666666667
1.6863325162041456,0.0,0.8583333333333333,1.0,1.0,0.0,1.0,0.0,0.0,0.2916666666666667
1.6920295855156462,0.0,0.8583333333333333,1.0,1.0,0.0,1.0,0.0,0.0,0.2916666666666667
1.6977266548271466,0.0,0.8583333333333333,1.0,1.0,0.0,1.0,0.0,0.0,0.2916666666666667
1.7034237241386472,0.0,0.8583333333333333,1.0,1.0,0.0,1.0,0.0,0.0,0.2916666666666667
1.7091207934501476,0.0,0.8583333333333333,1.0,1.0,0.0,1.0,0.0,0.0,0.2916666666666667
1.7148178627616482,0.0,0.8583333333333333,1.0,1.0,0.0,1.0,0.0,0.0,0.2916666666666667
1.7205149320731485,0.0,0.8583333333333333,1.0,1.0,0.0,1.0,0.0,0.0,0.2916666666666667
1.7262120013846491,0.0,0.8583333333333333,1.0,1.0,0.0,1.0,0.0,0.0,0.2916666666666667
1.7319090706961495,0.0,0.875,1.0,1.0,0.0,1.0,0.0,0.0,0.375
1.7376061400076501,0.0,0.875,1.0,1.0,0.0,1.0,0.0,0.0,0.375
1.7433032093191505,0.0,0.875,1.0,1.0,0.0,1.0,0.0,0.0,0.375
1.749000278630651,0.0,0.875,1.0,1.0,0.0,1.0,0.0,0.0,0.375
1.7546973479421515,0.0,0.875,1.0,1.0,0.0,1.0,0.0,0.0,0.375
1.760394417253652,0.0,0.875,1.0,1.0,0.0,1.0,0.0,0.0,0.375
1.7660914865651525,0.0,0.875,1.0,1.0,0.0,1.0,0.0,0.0,0.375
1.771788555876653,0.0,0.875,1.0,1.0,0.0,1.0,0.0,0.0,0.375
1.7774856251881535,0.0,0.875,1.0,1.0,0.0,1.0,0.0,0.0,0.375
1.783182694499654,0.0,0.875,1.0,1.0,0.0,1.0,0.0,0.0,0.375
1.7888797638111544,0.0,0.875,1.0,1.0,0.0,1.0,0.0,0.0,0.375
1.794576833122655,0.0,0.875,1.0,1.0,0.0,1.0,0.0,0.0,0.375
1.8002739024341554,0.0,0.875,1.0,1.0,0.0,1.0,0.0,0.0,0.375
1.805970971745656,0.0,0.8833333333333333,1.0,1.0,0.0,1.0,0.0,0.0,0.4166666666666667
1.8116680410571564,0.0,0.9,1.0,1.0,0.0,1.0,0.0,0.0,0.5
1.817365110368657,0.0,0.9,1.0,1.0,0.0,1.0,0.0,0.0,0.5
1.8230621796801574,0.0,0.9,1.0,1.0,0.0,1.0,0.0,0.0,0.5
1.828759248991658,0.0,0.9,1.0,1.0,0.0,1.0,0.0,0.0,0.5
1.8344563183031584,0.0,0.9,1.0,1.0,0.0,1.0,0.0,0.0,0.5
1.840153387614659,0.0,0.9,1.0,1.0,0.0,1.0,0.0,0.0,0.5
1.8458504569261593,0.0,0.9,1.0,1.0,0.0,1.0,0.0,0.0,0.5
1.85154752623766,0.0,0.9,1.0,1.0,0.0,1.0,0.0,0.0,0.5
1.8572445955491603,0.0,0.9,1.0,1.0,0.0,1.0,0.0,0.0,0.5
1.862941664860661,0.0,0.9,1.0,1.0,0.0,1.0,0.0,0.0,0.5
1.8686387341721613,0.0,0.9,1.0,1.0,0.0,1.0,0.0,0.0,0.5
1.874335803483662,0.0,0.9,1.0,1.0,0.0,1.0,0.0,0.0,0.5
1.8800328727951623,0.0,0.9083333333333333,1.0,1.0,0.0,1.0,0.0,0.0,0.5416666666666666
1.885729942106663,0.0,0.9083333333333333,1.0,1.0,0.0,1.0,0.0,0.0,0.5416666666666666
1.8914270114181633,0.0,0.9083333333333333,1.0,1.0,0.0,1.0,0.0,0.0,0.5416666666666666
1.8971240807296639,0.0,0.9083333333333333,1.0,1.0,0.0,1.0,0.0,0.0,0.5416666666666666
1.9028211500411643,0.0,0.9083333333333333,1.0,1.0,0.0,1.0,0.0,0.0,0.5416666666666666
1.9085182193526649,0.0,0.9083333333333333,1.0,1.0,0.0,1.0,0.0,0.0,0.5416666666666666
1.9142152886641652,0.0,0.9083333333333333,1.0,1.0,0.0,1.0,0.0,0.0,0.5416666666666666
1.9199123579756658,0.0,0.9166666666666666,1.0,1.0,0.0,1.0,0.0,0.0,0.5833333333333334
1.9256094272871662,0.0,0.925,1.0,1.0,0.0,1.0,0.0,0.0,0.625
1.9313064965986668,0.0,0.925,1.0,1.0,0.0,1.0,0.0,0.0,0.625
1.9370035659101672,0.0,0.925,1.0,1.0,0.0,1.0,0.0,0.0,0.625
1.9427006352216678,0.0,0.925,1.0,1.0,0.0,1.0,0.0,0.0,0.625
1.9483977045331682,0.0,0.9333333333333333,1.0,1.0,0.0,1.0,0.0,0.0,0.6666666666666666
1.9540947738446688,0.0,0.9333333333333333,1.0,1.0,0.0,1.0,0.0,0.0,0.6666666666666666
1.9597918431561692,0.0,0.9416666666666667,1.0,1.0,0.0,1.0,0.0,0.0,0.7083333333333334
1.9654889124676698,0.0,0.9416666666666667,1.0,1.0,0.0,1.0,0.0,0.0,0.7083333333333334
1.9711859817791701,0.0,0.9416666666666667,1.0,1.0,0.0,1.0,0.0,0.0,0.7083333333333334
1.9768830510906708,0.0,0.9416666666666667,1.0,1.0,0.0,1.0,0.0,0.0,0.7083333333333334
1.9825801204021711,0.0,0.95,1.0,1.0,0.0,1.0,0.0,0.0,0.75
1.9882771897136717,0.0,0.95,1.0,1.0,0.0,1.0,0.0,0.0,0.75
1.9939742590251721,0.0,0.95,1.0,1.0,0.0,1.0,0.0,0.0,0.75
1.9996713283366727,0.0,0.95,1.0,1.0,0.0,1.0,0.0,0.0,0.75
2.0053683976481733,0.0,0.95,1.0,1.0,0.0,1.0,0.0,0.0,0.75
2.0110654669596735,0.0,0.95,1.0,1.0,0.0,1.0,0.0,0.0,0.75
2.016762536271174,0.0,0.95,1.0,1.0,0.0,1.0,0.0,0.0,0.75
2.0224596055826747,0.0,0.95,1.0,1.0,0.0,1.0,0.0,0.0,0.75
2.0281566748941753,0.0,0.95,1.0,1.0,0.0,1.0,0.0,0.0,0.75
2.0338537442056754,0.0,0.9583333333333334,1.0,1.0,0.0,1.0,0.0,0.0,0.7916666666666666
2.039550813517176,0.0,0.9583333333333334,1.0,1.0,0.0,1.0,0.0,0.0,0.7916666666666666
2.0452478828286766,0.0,0.9583333333333334,1.0,1.0,0.0,1.0,0.0,0.0,0.7916666666666666
2.0509449521401772,0.0,0.9583333333333334,1.0,1.0,0.0,1.0,0.0,0.0,0.7916666666666666
2.0566420214516774,0.0,0.9666666666666667,1.0,1.0,0.0,1.0,0.0,0.0,0.8333333333333334
2.062339090763178,0.0,0.975,1.0,1.0,0.0,1.0,0.0,0.0,0.875
2.0680361600746786,0.0,0.9916666666666667,1.0,1.0,0.0,1.0,0.0,0.0,0.9583333333333334
2.073733229386179,0.0,0.9916666666666667,1.0,1.0,0.0,1.0,0.0,0.0,0.9583333333333334
2.0794302986976794,0.0,0.9916666666666667,1.0,1.0,0.0,1.0,0.0,0.0,0.9583333333333334
2.08512736800918,0.0,0.9916666666666667,1.0,1.0,0.0,1.0,0.0,0.0,0.9583333333333334
2.0908244373206806,0.0,0.9916666666666667,1.0,1.0,0.0,1.0,0.0,0.0,0.9583333333333334
2.096521506632181,0.0,0.9916666666666667,1.0,1.0,0.0,1.0,0.0,0.0,0.9583333333333334
2.1022185759436813,0.0,0.9916666666666667,1.0,1.0,0.0,1.0,0.0,0.0,0.9583333333333334
2.107915645255182,0.0,0.9916666666666667,1.0,1.0,0.0,1.0,0.0,0.0,0.9583333333333334
2.1136127145666825,0.0,0.9916666666666667,1.0,1.0,0.0,1.0,0.0,0.0,0.9583333333333334
2.119309783878183,0.0,0.9916666666666667,1.0,1.0,0.0,1.0,0.0,0.0,0.9583333333333334
2.1250068531896833,0.0,0.9916666666666667,1.0,1.0,0.0,1.0,0.0,0.0,0.9583333333333334
2.130703922501184,0.0,0.9916666666666667,1.0,1.0,0.0,1.0,0.0,0.0,0.9583333333333334
2.1364009918126845,0.0,0.9916666666666667,1.0,1.0,0.0,1.0,0.0,0.0,0.9583333333333334
2.142098061124185,0.0,0.9916666666666667,1.0,1.0,0.0,1.0,0.0,0.0,0.9583333333333334
2.1477951304356853,0.0,0.9916666666666667,1.0,1.0,0.0,1.0,0.0,0.0,0.9583333333333334
2.153492199747186,0.0,0.9916666666666667,1.0,1.0,0.0,1.0,0.0,0.0,0.9583333333333334
2.1591892690586865,0.0,0.9916666666666667,1.0,1.0,0.0,1.0,0.0,0.0,0.9583333333333334
2.164886338370187,0.0,0.9916666666666667,1.0,1.0,0.0,1.0,0.0,0.0,0.9583333333333334
2.1705834076816872,0.0,0.9916666666666667,1.0,1.0,0.0,1.0,0.0,0.0,0.9583333333333334
2.176280476993188,0.0,0.9916666666666667,1.0,1.0,0.0,1.0,0.0,0.0,0.9583333333333334
2.1819775463046884,0.0,0.9916666666666667,1.0,1.0,0.0,1.0,0.0,0.0,0.9583333333333334
2.187674615616189,0.0,0.9916666666666667,1.0,1.0,0.0,1.0,0.0,0.0,0.9583333333333334
2.1933716849276896,0.0,0.9916666666666667,1.0,1.0,0.0,1.0,0.0,0.0,0.9583333333333334
2.19906875423919,0.0,0.9916666666666667,1.0,1.0,0.0,1.0,0.0,0.0,0.9583333333333334
2.2047658235506904,0.0,0.9916666666666667,1.0,1.0,0.0,1.0,0.0,0.0,0.9583333333333334
2.210462892862191,0.0,0.9916666666666667,1.0,1.0,0.0,1.0,0.0,0.0,0.9583333333333334
2.2161599621736916,0.0,0.9916666666666667,1.0,1.0,0.0,1.0,0.0,0.0,0.9583333333333334
2.2218570314851918,0.0,0.9916666666666667,1.0,1.0,0.0,1.0,0.0,0.0,0.9583333333333334
2.2275541007966924,0.0,0.9916666666666667,1.0,1.0,0.0,1.0,0.0,0.0,0.9583333333333334
2.233251170108193,0.0,0.9916666666666667,1.0,1.0,0.0,1.0,0.0,0.0,0.9583333333333334
2.2389482394196936,0.0,0.9916666666666667,1.0,1.0,0.0,1.0,0.0,0.0,0.9583333333333334
2.2446453087311937,0.0,0.9916666666666667,1.0,1.0,0.0,1.0,0.0,0.0,0.9583333333333334
2.2503423780426943,0.0,0.9916666666666667,1.0,1.0,0.0,1.0,0.0,0.0,0.9583333333333334
2.256039447354195,0.0,0.9916666666666667,1.0,1.0,0.0,1.0,0.0,0.0,0.9583333333333334
2.2617365166656955,0.0,0.9916666666666667,1.0,1.0,0.0,1.0,0.0,0.0,0.9583333333333334
2.2674335859771957,0.0,0.9916666666666667,1.0,1.0,0.0,1.0,0.0,0.0,0.9583333333333334
2.2731306552886963,0.0,1.0,1.0,1.0,0.0,1.0,0.0,0.0,1.0
